-- MySQL dump 10.13  Distrib 8.0.33, for Linux (x86_64)
--
-- Host: localhost    Database: work_tracking
-- ------------------------------------------------------
-- Server version	8.0.33-0ubuntu0.22.04.2

/*!40101 SET @OLD_CHARACTER_SET_CLIENT=@@CHARACTER_SET_CLIENT */;
/*!40101 SET @OLD_CHARACTER_SET_RESULTS=@@CHARACTER_SET_RESULTS */;
/*!40101 SET @OLD_COLLATION_CONNECTION=@@COLLATION_CONNECTION */;
/*!50503 SET NAMES utf8mb4 */;
/*!40103 SET @OLD_TIME_ZONE=@@TIME_ZONE */;
/*!40103 SET TIME_ZONE='+00:00' */;
/*!40014 SET @OLD_UNIQUE_CHECKS=@@UNIQUE_CHECKS, UNIQUE_CHECKS=0 */;
/*!40014 SET @OLD_FOREIGN_KEY_CHECKS=@@FOREIGN_KEY_CHECKS, FOREIGN_KEY_CHECKS=0 */;
/*!40101 SET @OLD_SQL_MODE=@@SQL_MODE, SQL_MODE='NO_AUTO_VALUE_ON_ZERO' */;
/*!40111 SET @OLD_SQL_NOTES=@@SQL_NOTES, SQL_NOTES=0 */;

--
-- Table structure for table `accounts`
--

DROP TABLE IF EXISTS `accounts`;
/*!40101 SET @saved_cs_client     = @@character_set_client */;
/*!50503 SET character_set_client = utf8mb4 */;
CREATE TABLE `accounts` (
  `id` int NOT NULL AUTO_INCREMENT,
  `username` varchar(50) NOT NULL,
  `password` varchar(255) NOT NULL,
  PRIMARY KEY (`id`)
) ENGINE=InnoDB AUTO_INCREMENT=2 DEFAULT CHARSET=utf8mb3;
/*!40101 SET character_set_client = @saved_cs_client */;

--
-- Dumping data for table `accounts`
--

LOCK TABLES `accounts` WRITE;
/*!40000 ALTER TABLE `accounts` DISABLE KEYS */;
INSERT INTO `accounts` VALUES (1,'test','$2y$10$SfhYIDtn.iOuCW7zfoFLuuZHX6lja4lF4XA4JqNmpiH/.P3zB8JCa');
/*!40000 ALTER TABLE `accounts` ENABLE KEYS */;
UNLOCK TABLES;

--
-- Table structure for table `clientNames`
--

DROP TABLE IF EXISTS `clientNames`;
/*!40101 SET @saved_cs_client     = @@character_set_client */;
/*!50503 SET character_set_client = utf8mb4 */;
CREATE TABLE `clientNames` (
  `currentName` varchar(50) DEFAULT NULL,
  `newName` varchar(50) DEFAULT NULL
) ENGINE=InnoDB DEFAULT CHARSET=latin1;
/*!40101 SET character_set_client = @saved_cs_client */;

--
-- Dumping data for table `clientNames`
--

LOCK TABLES `clientNames` WRITE;
/*!40000 ALTER TABLE `clientNames` DISABLE KEYS */;
/*!40000 ALTER TABLE `clientNames` ENABLE KEYS */;
UNLOCK TABLES;

--
-- Table structure for table `config`
--

DROP TABLE IF EXISTS `config`;
/*!40101 SET @saved_cs_client     = @@character_set_client */;
/*!50503 SET character_set_client = utf8mb4 */;
CREATE TABLE `config` (
  `paramName` varchar(100) NOT NULL,
  `paramValue` varchar(100) NOT NULL,
  PRIMARY KEY (`paramName`)
) ENGINE=InnoDB DEFAULT CHARSET=latin1;
/*!40101 SET character_set_client = @saved_cs_client */;

--
-- Dumping data for table `config`
--

LOCK TABLES `config` WRITE;
/*!40000 ALTER TABLE `config` DISABLE KEYS */;
INSERT INTO `config` VALUES ('addLunchBreak','false'),('allowMultipleClockOn','false'),('configVersion','1'),('kafkaBrokerAddress','localhost'),('publishKafkaEvents','false'),('quantityComplete','true'),('requireStageComplete','true'),('showQuantityComplete','true'),('showWorkedTimeInSeconds','false'),('trimLunch','false');
/*!40000 ALTER TABLE `config` ENABLE KEYS */;
UNLOCK TABLES;

--
-- Table structure for table `connectedClients`
--

DROP TABLE IF EXISTS `connectedClients`;
/*!40101 SET @saved_cs_client     = @@character_set_client */;
/*!50503 SET character_set_client = utf8mb4 */;
CREATE TABLE `connectedClients` (
  `stationId` varchar(50) NOT NULL,
  `lastSeen` timestamp NOT NULL DEFAULT CURRENT_TIMESTAMP,
  `version` varchar(50) DEFAULT NULL,
  `isApp` tinyint(1) DEFAULT '0',
  `nameType` varchar(20) DEFAULT NULL,
  PRIMARY KEY (`stationId`)
) ENGINE=InnoDB DEFAULT CHARSET=latin1;
/*!40101 SET character_set_client = @saved_cs_client */;

--
-- Dumping data for table `connectedClients`
--

LOCK TABLES `connectedClients` WRITE;
/*!40000 ALTER TABLE `connectedClients` DISABLE KEYS */;
/*!40000 ALTER TABLE `connectedClients` ENABLE KEYS */;
UNLOCK TABLES;

--
-- Table structure for table `extraScannerNames`
--

DROP TABLE IF EXISTS `extraScannerNames`;
/*!40101 SET @saved_cs_client     = @@character_set_client */;
/*!50503 SET character_set_client = utf8mb4 */;
CREATE TABLE `extraScannerNames` (
  `name` varchar(50) DEFAULT NULL,
  UNIQUE KEY `name` (`name`)
) ENGINE=InnoDB DEFAULT CHARSET=latin1;
/*!40101 SET character_set_client = @saved_cs_client */;

--
-- Dumping data for table `extraScannerNames`
--

LOCK TABLES `extraScannerNames` WRITE;
/*!40000 ALTER TABLE `extraScannerNames` DISABLE KEYS */;
INSERT INTO `extraScannerNames` VALUES ('Assembly'),('Cutting'),('Painting'),('QC'),('Shipping'),('Welding');
/*!40000 ALTER TABLE `extraScannerNames` ENABLE KEYS */;
UNLOCK TABLES;

--
-- Table structure for table `jobs`
--

DROP TABLE IF EXISTS `jobs`;
/*!40101 SET @saved_cs_client     = @@character_set_client */;
/*!50503 SET character_set_client = utf8mb4 */;
CREATE TABLE `jobs` (
  `jobId` varchar(20) NOT NULL,
  `expectedDuration` int DEFAULT NULL,
  `closedWorkedDuration` int NOT NULL DEFAULT '0',
  `closedOvertimeDuration` int NOT NULL DEFAULT '0',
  `description` varchar(200) DEFAULT NULL,
  `currentStatus` varchar(50) DEFAULT NULL,
  `absolutePathToQrCode` varchar(200) DEFAULT NULL,
  `relativePathToQrCode` varchar(200) DEFAULT NULL,
  `recordAdded` timestamp NOT NULL DEFAULT CURRENT_TIMESTAMP,
  `notes` text,
  `routeName` varchar(100) CHARACTER SET utf8mb3 COLLATE utf8mb3_general_ci DEFAULT NULL,
  `routeCurrentStageName` varchar(50) DEFAULT NULL,
  `routeCurrentStageIndex` int NOT NULL DEFAULT '-1',
  `dueDate` date DEFAULT '9999-12-31',
  `stoppages` text,
  `numberOfUnits` int DEFAULT NULL,
  `totalChargeToCustomer` int DEFAULT NULL,
  `jobIdIndex` int NOT NULL AUTO_INCREMENT,
  `productId` varchar(20) DEFAULT '',
  `priority` int DEFAULT '0',
  `stageQuantityComplete` int DEFAULT NULL,
  `stageOutstandingUnits` int DEFAULT NULL,
  `totalParts` int DEFAULT NULL,
  `customerName` varchar(120) DEFAULT NULL,
  `jobName` varchar(20) DEFAULT NULL,
  PRIMARY KEY (`jobId`),
  KEY `jobIdIndex` (`jobIdIndex`),
  KEY `IDX_jobId_desc` (`jobId`,`description`)
) ENGINE=InnoDB AUTO_INCREMENT=72 DEFAULT CHARSET=latin1;
/*!40101 SET character_set_client = @saved_cs_client */;

--
-- Dumping data for table `jobs`
--

LOCK TABLES `jobs` WRITE;
/*!40000 ALTER TABLE `jobs` DISABLE KEYS */;
INSERT INTO `jobs` VALUES ('job_70',0,0,0,'','pending',NULL,NULL,'2023-05-22 12:46:40',NULL,'',NULL,-1,'9999-12-31',NULL,0,0,70,'',0,NULL,NULL,0,'','70'),('job_awegd',199800,135820,0,'Custom moulds','workInProgress',NULL,NULL,'2023-05-19 11:11:01','','Main Production Route','Cutting',1,'2023-05-31',NULL,5,24000,64,'',4,NULL,NULL,5,'Wandas Wonders','awegd'),('job_gcghf',0,0,0,'','pending',NULL,NULL,'2023-05-22 11:12:03','','','',-1,'9999-12-31',NULL,0,0,69,'',0,NULL,NULL,0,'','gcghf'),('job_wehkasdfjx',0,0,0,'','pending',NULL,NULL,'2023-05-22 13:13:12','','','',-1,'9999-12-31',NULL,0,0,71,'',0,NULL,NULL,0,'','wehkasdfjx'),('job_WO33652',207900,1042165,2665,'Modular frame assemblies','complete',NULL,NULL,'2023-05-06 11:10:58',NULL,'No Paint','Shipping',5,'2023-05-14',NULL,10,90000,51,'',2,NULL,NULL,80,'ABC Construction','WO33652'),('job_WO33653',71100,357935,35,'Packing noodles','complete',NULL,NULL,'2023-05-06 11:10:58',NULL,'Main Production Route','Shipping',6,'2023-05-15',NULL,1,3000,52,'',1,NULL,NULL,100,'Willson Logistics','WO33653'),('job_WO33654',28800,146265,620,'Racking','complete',NULL,NULL,'2023-05-08 11:10:59',NULL,'No Paint','Shipping',5,'2023-05-24',NULL,3,65000,53,'',3,NULL,NULL,15,'Bakewell Cakes','WO33654'),('job_WO33655',58500,294375,1385,'Tables x 10','complete',NULL,NULL,'2023-05-09 11:10:59',NULL,'Main Production Route','Shipping',6,'2023-05-17',NULL,10,45000,54,'',2,NULL,NULL,80,'Greendale','WO33655'),('job_WO33656',49500,249015,0,'Warehouse shelving','complete',NULL,NULL,'2023-05-09 11:10:59',NULL,'No Paint','Shipping',5,'2023-05-25',NULL,50,23000,55,'',2,NULL,NULL,500,'Purple Boxes','WO33656'),('job_WO33657',63000,317595,850,'Bespoke metalwork parts','complete',NULL,NULL,'2023-05-10 11:10:59',NULL,'Short Route','Shipping',4,'2023-05-29',NULL,2,72000,56,'',3,NULL,NULL,6,'Smith and Johnson','WO33657'),('job_WO33658',100800,505370,1800,'Detector system','workInProgress',NULL,NULL,'2023-05-11 11:10:59',NULL,'Main Production Route','Shipping',6,'2023-05-13',NULL,1,83000,57,'',1,NULL,NULL,1,'P4 Computer Supplies','WO33658'),('job_WO33659',45000,162715,930,'Case assemblies','workInProgress',NULL,NULL,'2023-05-15 11:10:59',NULL,'Main Production Route','Assembly',4,'2023-05-23',NULL,10,79000,58,'',3,NULL,NULL,100,'Proton Fire Systems','WO33659'),('job_WO33660',83700,95935,0,'Jetpack harness parts','workInProgress',NULL,NULL,'2023-05-16 11:11:00',NULL,'Main Production Route','Painting',3,'2023-05-23',NULL,1,10000,59,'',2,NULL,NULL,53,'Paris & Co.','WO33660'),('job_WO33661',88200,199345,625,'Bottling machine','workInProgress',NULL,NULL,'2023-05-16 11:11:00',NULL,'Main Production Route','Painting',3,'2023-05-27',NULL,1,50000,60,'',4,NULL,NULL,150,'Empire Supplies','WO33661'),('job_WO33662',93600,190380,785,'Desk chairs','workInProgress',NULL,NULL,'2023-05-16 11:11:00',NULL,'Main Production Route','Painting',3,'2023-05-25',NULL,5,70000,61,'',3,NULL,NULL,50,'Ransom, Willis and Co','WO33662'),('job_WO33663',62100,49995,0,'Custom wheel mountings','workInProgress',NULL,NULL,'2023-05-17 11:11:00',NULL,'Main Production Route','Welding',2,'2023-05-29',NULL,4,20000,62,'',2,NULL,NULL,4,'Burns Farm','WO33663'),('job_WO33666',121500,0,0,'Doors - steel','pending',NULL,NULL,'2023-05-20 11:11:01',NULL,'Main Production Route',NULL,-1,'2023-05-21',NULL,16,22000,65,'',2,NULL,NULL,32,'Hearthstone Windows','WO33666'),('job_WO33667',121500,0,0,'Projectors','pending',NULL,NULL,'2023-05-20 11:11:01',NULL,'Main Production Route',NULL,-1,'2023-05-29',NULL,3,53000,66,'',3,NULL,NULL,81,'Joes pharmacy','WO33667'),('job_WO33668',54000,0,0,'Bespoke metalwork parts','pending',NULL,NULL,'2023-05-21 11:11:01',NULL,'Short Route',NULL,-1,'2023-06-05',NULL,17,12000,67,'',1,NULL,NULL,17,'BTB Construction','WO33668'),('job_WO33669',23400,0,0,'Mount','pending',NULL,NULL,'2023-05-22 11:11:01',NULL,'Main Production Route',NULL,-1,'2023-06-12',NULL,1,6000,68,'',1,NULL,NULL,27,'Freeman Shipping','WO33669'),('job_wrgr4',32400,52775,290,'Sensor casings','workInProgress',NULL,NULL,'2023-05-18 11:11:00','','Main Production Route','Welding',2,'2023-05-20',NULL,10,70000,63,'',4,NULL,NULL,60,'Hall Detectors','wrgr4');
/*!40000 ALTER TABLE `jobs` ENABLE KEYS */;
UNLOCK TABLES;

--
-- Table structure for table `lunchTimes`
--

DROP TABLE IF EXISTS `lunchTimes`;
/*!40101 SET @saved_cs_client     = @@character_set_client */;
/*!50503 SET character_set_client = utf8mb4 */;
CREATE TABLE `lunchTimes` (
  `ref` int NOT NULL AUTO_INCREMENT,
  `dayDate` date DEFAULT NULL,
  `startTime` time DEFAULT NULL,
  `endTime` time DEFAULT NULL,
  PRIMARY KEY (`ref`)
) ENGINE=InnoDB AUTO_INCREMENT=8 DEFAULT CHARSET=latin1;
/*!40101 SET character_set_client = @saved_cs_client */;

--
-- Dumping data for table `lunchTimes`
--

LOCK TABLES `lunchTimes` WRITE;
/*!40000 ALTER TABLE `lunchTimes` DISABLE KEYS */;
INSERT INTO `lunchTimes` VALUES (1,'2021-03-17','12:00:00','13:00:00'),(2,'2021-03-18','12:00:00','13:00:00'),(3,'2021-03-19','12:00:00','13:00:00'),(4,'2021-03-20','00:00:00','00:00:00'),(5,'2021-03-21','00:00:00','00:00:00'),(6,'2021-03-22','12:00:00','13:00:00'),(7,'2021-03-23','12:00:00','13:00:00');
/*!40000 ALTER TABLE `lunchTimes` ENABLE KEYS */;
UNLOCK TABLES;

--
-- Table structure for table `products`
--

DROP TABLE IF EXISTS `products`;
/*!40101 SET @saved_cs_client     = @@character_set_client */;
/*!50503 SET character_set_client = utf8mb4 */;
CREATE TABLE `products` (
  `productId` varchar(20) NOT NULL,
  `description` varchar(200) DEFAULT NULL,
  `absolutePathToQrCode` varchar(200) DEFAULT NULL,
  `relativePathToQrCode` varchar(200) DEFAULT NULL,
  `currentJobId` varchar(20) DEFAULT NULL,
  PRIMARY KEY (`productId`)
) ENGINE=InnoDB DEFAULT CHARSET=latin1;
/*!40101 SET character_set_client = @saved_cs_client */;

--
-- Dumping data for table `products`
--

LOCK TABLES `products` WRITE;
/*!40000 ALTER TABLE `products` DISABLE KEYS */;
INSERT INTO `products` VALUES ('Case_Assembly',NULL,NULL,NULL,NULL),('Frame_Assembly',NULL,NULL,NULL,NULL);
/*!40000 ALTER TABLE `products` ENABLE KEYS */;
UNLOCK TABLES;

--
-- Table structure for table `routes`
--

DROP TABLE IF EXISTS `routes`;
/*!40101 SET @saved_cs_client     = @@character_set_client */;
/*!50503 SET character_set_client = utf8mb4 */;
CREATE TABLE `routes` (
  `routeName` varchar(50) NOT NULL,
  `routeDescription` varchar(1000) NOT NULL,
  PRIMARY KEY (`routeName`)
) ENGINE=InnoDB DEFAULT CHARSET=latin1;
/*!40101 SET character_set_client = @saved_cs_client */;

--
-- Dumping data for table `routes`
--

LOCK TABLES `routes` WRITE;
/*!40000 ALTER TABLE `routes` DISABLE KEYS */;
INSERT INTO `routes` VALUES ('Main Production Route','Cutting,Welding,Painting,Assembly,QC,Shipping'),('No Paint','Cutting,Welding,Assembly,QC,Shipping'),('Short Route','Cutting,Welding,QC,Shipping');
/*!40000 ALTER TABLE `routes` ENABLE KEYS */;
UNLOCK TABLES;

--
-- Table structure for table `stoppageReasons`
--

DROP TABLE IF EXISTS `stoppageReasons`;
/*!40101 SET @saved_cs_client     = @@character_set_client */;
/*!50503 SET character_set_client = utf8mb4 */;
CREATE TABLE `stoppageReasons` (
  `stoppageReasonId` varchar(20) NOT NULL,
  `stoppageReasonName` varchar(200) DEFAULT NULL,
  `absolutePathToQrCode` varchar(200) DEFAULT NULL,
  `relativePathToQrCode` varchar(200) DEFAULT NULL,
  `stoppageReasonIdIndex` int NOT NULL AUTO_INCREMENT,
  PRIMARY KEY (`stoppageReasonId`),
  KEY `stoppageReasonIdIndex` (`stoppageReasonIdIndex`)
) ENGINE=InnoDB AUTO_INCREMENT=4 DEFAULT CHARSET=latin1;
/*!40101 SET character_set_client = @saved_cs_client */;

--
-- Dumping data for table `stoppageReasons`
--

LOCK TABLES `stoppageReasons` WRITE;
/*!40000 ALTER TABLE `stoppageReasons` DISABLE KEYS */;
INSERT INTO `stoppageReasons` VALUES ('stpg_0001','Breakdown',NULL,NULL,1),('stpg_0002','Material unavailable',NULL,NULL,2),('stpg_0003','Lack of fuel',NULL,NULL,3);
/*!40000 ALTER TABLE `stoppageReasons` ENABLE KEYS */;
UNLOCK TABLES;

--
-- Table structure for table `stoppagesLog`
--

DROP TABLE IF EXISTS `stoppagesLog`;
/*!40101 SET @saved_cs_client     = @@character_set_client */;
/*!50503 SET character_set_client = utf8mb4 */;
CREATE TABLE `stoppagesLog` (
  `ref` bigint NOT NULL AUTO_INCREMENT,
  `jobId` varchar(20) DEFAULT NULL,
  `stationId` varchar(50) DEFAULT NULL,
  `stoppageReasonId` varchar(20) DEFAULT NULL,
  `description` text,
  `startTime` time DEFAULT NULL,
  `endTime` time DEFAULT NULL,
  `startDate` date DEFAULT NULL,
  `endDate` date DEFAULT NULL,
  `recordTimestamp` timestamp NOT NULL DEFAULT CURRENT_TIMESTAMP,
  `duration` int DEFAULT NULL,
  `status` varchar(20) NOT NULL,
  `jobName` varchar(20) DEFAULT NULL,
  PRIMARY KEY (`ref`)
) ENGINE=InnoDB DEFAULT CHARSET=latin1;
/*!40101 SET character_set_client = @saved_cs_client */;

--
-- Dumping data for table `stoppagesLog`
--

LOCK TABLES `stoppagesLog` WRITE;
/*!40000 ALTER TABLE `stoppagesLog` DISABLE KEYS */;
/*!40000 ALTER TABLE `stoppagesLog` ENABLE KEYS */;
UNLOCK TABLES;

--
-- Table structure for table `timeLog`
--

DROP TABLE IF EXISTS `timeLog`;
/*!40101 SET @saved_cs_client     = @@character_set_client */;
/*!50503 SET character_set_client = utf8mb4 */;
CREATE TABLE `timeLog` (
  `ref` bigint NOT NULL AUTO_INCREMENT,
  `jobId` varchar(20) DEFAULT NULL,
  `stationId` varchar(50) DEFAULT NULL,
  `userId` varchar(20) DEFAULT NULL,
  `clockOnTime` time DEFAULT NULL,
  `clockOffTime` time DEFAULT NULL,
  `recordDate` date DEFAULT NULL,
  `recordTimestamp` timestamp NOT NULL DEFAULT CURRENT_TIMESTAMP,
  `workedDuration` int DEFAULT NULL,
  `overtimeDuration` int DEFAULT NULL,
  `workStatus` varchar(20) NOT NULL,
  `quantityComplete` int DEFAULT NULL,
  `routeStageIndex` int DEFAULT NULL,
  `jobName` varchar(20) DEFAULT NULL,
  PRIMARY KEY (`ref`),
  KEY `IDX_ClockOffTime_JobID` (`clockOffTime`,`jobId`) USING BTREE,
  KEY `IDX_ClockOffTime_UserId` (`clockOffTime`,`userId`),
  KEY `IDX_ClockOffTime_UserId_date` (`clockOffTime`,`userId`,`recordDate`)
) ENGINE=InnoDB AUTO_INCREMENT=832 DEFAULT CHARSET=latin1;
/*!40101 SET character_set_client = @saved_cs_client */;

--
-- Dumping data for table `timeLog`
--

LOCK TABLES `timeLog` WRITE;
/*!40000 ALTER TABLE `timeLog` DISABLE KEYS */;
INSERT INTO `timeLog` VALUES (322,'job_WO33652','Cutting','user_Delt','08:00:34','12:02:25','2023-05-08','2023-05-08 07:00:34',14511,0,'workInProgress',NULL,1,'WO33652'),(323,'job_WO33652','Cutting','user_Delt','13:00:16','17:01:05','2023-05-08','2023-05-08 12:00:16',14449,65,'workInProgress',NULL,1,'WO33652'),(324,'job_WO33652','Cutting','user_Delt','08:00:30','12:02:06','2023-05-09','2023-05-09 07:00:30',14496,0,'workInProgress',NULL,1,'WO33652'),(325,'job_WO33652','Cutting','user_Delt','13:01:55','17:02:00','2023-05-09','2023-05-09 12:01:55',14405,120,'workInProgress',NULL,1,'WO33652'),(326,'job_WO33652','Cutting','user_Delt','08:02:46','10:00:02','2023-05-10','2023-05-10 07:02:46',7036,0,'stageComplete',NULL,1,'WO33652'),(327,'job_WO33653','Cutting','user_Delt','10:00:55','12:00:24','2023-05-10','2023-05-10 09:00:55',7169,0,'workInProgress',NULL,1,'WO33653'),(328,'job_WO33653','Cutting','user_Delt','13:02:04','17:00:07','2023-05-10','2023-05-10 12:02:04',14283,7,'workInProgress',NULL,1,'WO33653'),(329,'job_WO33653','Cutting','user_Delt','08:01:39','12:01:50','2023-05-11','2023-05-11 07:01:39',14411,0,'workInProgress',NULL,1,'WO33653'),(330,'job_WO33653','Cutting','user_Delt','13:02:35','15:04:52','2023-05-11','2023-05-11 12:02:35',7337,0,'stageComplete',NULL,1,'WO33653'),(331,'job_WO33654','Cutting','user_Delt','15:07:50','16:39:44','2023-05-11','2023-05-11 14:07:50',5514,0,'stageComplete',NULL,1,'WO33654'),(332,'job_WO33655','Cutting','user_Delt','16:40:52','17:00:58','2023-05-11','2023-05-11 15:40:52',1206,58,'workInProgress',NULL,1,'WO33655'),(333,'job_WO33655','Cutting','user_Delt','08:02:31','08:42:51','2023-05-12','2023-05-12 07:02:31',2420,0,'stageComplete',NULL,1,'WO33655'),(334,'job_WO33656','Cutting','user_Delt','08:44:12','10:44:19','2023-05-12','2023-05-12 07:44:12',7207,0,'stageComplete',NULL,1,'WO33656'),(335,'job_WO33657','Cutting','user_Delt','10:44:24','12:00:06','2023-05-12','2023-05-12 09:44:24',4542,0,'workInProgress',NULL,1,'WO33657'),(336,'job_WO33657','Cutting','user_Delt','13:02:46','14:49:22','2023-05-12','2023-05-12 12:02:46',6396,0,'stageComplete',NULL,1,'WO33657'),(337,'job_WO33658','Cutting','user_Delt','14:49:24','17:01:37','2023-05-12','2023-05-12 13:49:24',7933,97,'workInProgress',NULL,1,'WO33658'),(338,'job_WO33658','Cutting','user_Delt','08:02:55','09:51:37','2023-05-15','2023-05-15 07:02:55',6522,0,'stageComplete',NULL,1,'WO33658'),(339,'job_WO33659','Cutting','user_Delt','09:53:25','11:53:32','2023-05-15','2023-05-15 08:53:25',7207,0,'stageComplete',NULL,1,'WO33659'),(340,'job_WO33660','Cutting','user_Delt','08:02:15','09:33:11','2023-05-16','2023-05-16 07:02:15',5456,0,'stageComplete',NULL,1,'WO33660'),(341,'job_WO33661','Cutting','user_Delt','09:35:03','12:02:06','2023-05-16','2023-05-16 08:35:03',8823,0,'workInProgress',NULL,1,'WO33661'),(342,'job_WO33661','Cutting','user_Delt','13:02:21','13:36:17','2023-05-16','2023-05-16 12:02:21',2036,0,'stageComplete',NULL,1,'WO33661'),(343,'job_WO33662','Cutting','user_Delt','13:37:45','16:08:44','2023-05-16','2023-05-16 12:37:45',9059,0,'stageComplete',NULL,1,'WO33662'),(344,'job_WO33663','Cutting','user_Delt','08:02:53','08:48:49','2023-05-17','2023-05-17 07:02:53',2756,0,'stageComplete',NULL,1,'WO33663'),(345,'job_wrgr4','Cutting','user_Delt','08:01:57','10:03:11','2023-05-18','2023-05-18 07:01:57',7274,0,'stageComplete',NULL,1,'wrgr4'),(346,'job_awegd','Cutting','user_Delt','08:00:05','12:01:46','2023-05-19','2023-05-19 07:00:05',14501,0,'workInProgress',NULL,1,'awegd'),(347,'job_awegd','Cutting','user_Delt','13:02:22','16:33:25','2023-05-19','2023-05-19 12:02:22',12663,0,'stageComplete',NULL,1,'awegd'),(348,'job_WO33652','Welding','user_Delt','10:00:27','12:00:47','2023-05-10','2023-05-10 09:00:27',7220,0,'workInProgress',NULL,2,'WO33652'),(349,'job_WO33652','Welding','user_Delt','13:02:41','17:01:15','2023-05-10','2023-05-10 12:02:41',14314,75,'workInProgress',NULL,2,'WO33652'),(350,'job_WO33652','Welding','user_Delt','08:00:30','12:01:25','2023-05-11','2023-05-11 07:00:30',14455,0,'workInProgress',NULL,2,'WO33652'),(351,'job_WO33652','Welding','user_Delt','13:02:08','15:04:07','2023-05-11','2023-05-11 12:02:08',7319,0,'stageComplete',NULL,2,'WO33652'),(352,'job_WO33653','Welding','user_Delt','08:02:09','09:35:00','2023-05-12','2023-05-12 07:02:09',5571,0,'stageComplete',NULL,2,'WO33653'),(353,'job_WO33654','Welding','user_Delt','09:35:48','12:01:17','2023-05-12','2023-05-12 08:35:48',8729,0,'workInProgress',NULL,2,'WO33654'),(354,'job_WO33654','Welding','user_Delt','13:01:12','13:08:13','2023-05-12','2023-05-12 12:01:12',421,0,'stageComplete',NULL,2,'WO33654'),(355,'job_WO33655','Welding','user_Delt','13:10:20','17:02:09','2023-05-12','2023-05-12 12:10:20',13909,129,'workInProgress',NULL,2,'WO33655'),(356,'job_WO33655','Welding','user_Delt','08:01:40','10:12:21','2023-05-15','2023-05-15 07:01:40',7841,0,'stageComplete',NULL,2,'WO33655'),(357,'job_WO33656','Welding','user_Delt','10:12:29','12:02:02','2023-05-15','2023-05-15 09:12:29',6573,0,'workInProgress',NULL,2,'WO33656'),(358,'job_WO33656','Welding','user_Delt','13:01:02','16:13:12','2023-05-15','2023-05-15 12:01:02',11530,0,'stageComplete',NULL,2,'WO33656'),(359,'job_WO33657','Welding','user_Delt','16:14:58','17:02:50','2023-05-15','2023-05-15 15:14:58',2872,170,'workInProgress',NULL,2,'WO33657'),(360,'job_WO33657','Welding','user_Delt','08:00:44','12:01:33','2023-05-16','2023-05-16 07:00:44',14449,0,'workInProgress',NULL,2,'WO33657'),(361,'job_WO33657','Welding','user_Delt','13:02:20','16:46:38','2023-05-16','2023-05-16 12:02:20',13458,0,'stageComplete',NULL,2,'WO33657'),(362,'job_WO33658','Welding','user_Delt','16:49:30','17:01:35','2023-05-16','2023-05-16 15:49:30',725,95,'workInProgress',NULL,2,'WO33658'),(363,'job_WO33658','Welding','user_Delt','08:00:22','09:50:09','2023-05-17','2023-05-17 07:00:22',6587,0,'stageComplete',NULL,2,'WO33658'),(364,'job_WO33659','Welding','user_Delt','09:52:58','11:25:08','2023-05-17','2023-05-17 08:52:58',5530,0,'stageComplete',NULL,2,'WO33659'),(365,'job_WO33660','Welding','user_Delt','11:25:35','12:00:41','2023-05-17','2023-05-17 10:25:35',2106,0,'workInProgress',NULL,2,'WO33660'),(366,'job_WO33660','Welding','user_Delt','13:02:13','14:58:47','2023-05-17','2023-05-17 12:02:13',6994,0,'stageComplete',NULL,2,'WO33660'),(367,'job_WO33661','Welding','user_Delt','15:00:21','17:02:05','2023-05-17','2023-05-17 14:00:21',7304,125,'workInProgress',NULL,2,'WO33661'),(368,'job_WO33661','Welding','user_Delt','08:00:07','12:02:00','2023-05-18','2023-05-18 07:00:07',14513,0,'workInProgress',NULL,2,'WO33661'),(369,'job_WO33661','Welding','user_Delt','13:00:11','13:57:52','2023-05-18','2023-05-18 12:00:11',3461,0,'stageComplete',NULL,2,'WO33661'),(370,'job_WO33662','Welding','user_Delt','14:00:52','17:02:37','2023-05-18','2023-05-18 13:00:52',10905,157,'workInProgress',NULL,2,'WO33662'),(371,'job_WO33662','Welding','user_Delt','08:02:31','12:02:28','2023-05-19','2023-05-19 07:02:31',14397,0,'workInProgress',NULL,2,'WO33662'),(372,'job_WO33662','Welding','user_Delt','13:01:40','14:02:43','2023-05-19','2023-05-19 12:01:40',3663,0,'stageComplete',NULL,2,'WO33662'),(373,'job_WO33663','Welding','user_Delt','14:03:26','16:04:09','2023-05-19','2023-05-19 13:03:26',7243,0,'stageComplete',NULL,2,'WO33663'),(374,'job_wrgr4','Welding','user_Delt','16:06:17','17:00:58','2023-05-19','2023-05-19 15:06:17',3281,58,'workInProgress',NULL,2,'wrgr4'),(375,'job_WO33653','Painting','user_Delt','09:35:03','12:00:51','2023-05-12','2023-05-12 08:35:03',8748,0,'workInProgress',NULL,3,'WO33653'),(376,'job_WO33653','Painting','user_Delt','13:02:18','13:08:50','2023-05-12','2023-05-12 12:02:18',392,0,'stageComplete',NULL,3,'WO33653'),(377,'job_WO33655','Painting','user_Delt','10:13:20','12:01:43','2023-05-15','2023-05-15 09:13:20',6503,0,'workInProgress',NULL,3,'WO33655'),(378,'job_WO33655','Painting','user_Delt','13:02:11','14:45:16','2023-05-15','2023-05-15 12:02:11',6185,0,'stageComplete',NULL,3,'WO33655'),(379,'job_WO33658','Painting','user_Delt','09:52:36','12:01:30','2023-05-17','2023-05-17 08:52:36',7734,0,'workInProgress',NULL,3,'WO33658'),(380,'job_WO33658','Painting','user_Delt','13:01:57','16:54:11','2023-05-17','2023-05-17 12:01:57',13934,0,'stageComplete',NULL,3,'WO33658'),(381,'job_WO33659','Painting','user_Delt','16:56:59','17:02:20','2023-05-17','2023-05-17 15:56:59',321,140,'workInProgress',NULL,3,'WO33659'),(382,'job_WO33659','Painting','user_Delt','08:02:35','08:27:15','2023-05-18','2023-05-18 07:02:35',1480,0,'stageComplete',NULL,3,'WO33659'),(383,'job_WO33660','Painting','user_Delt','08:28:53','09:46:04','2023-05-18','2023-05-18 07:28:53',4631,0,'stageComplete',NULL,3,'WO33660'),(384,'job_WO33661','Painting','user_Delt','13:58:25','15:00:37','2023-05-18','2023-05-18 12:58:25',3732,0,'stageComplete',NULL,3,'WO33661'),(385,'job_WO33662','Painting','user_Delt','14:05:06','14:05:58','2023-05-19','2023-05-19 13:05:06',52,0,'stageComplete',NULL,3,'WO33662'),(386,'job_WO33652','Assembly','user_Delt','15:05:56','17:00:14','2023-05-11','2023-05-11 14:05:56',6858,14,'workInProgress',NULL,3,'WO33652'),(387,'job_WO33652','Assembly','user_Delt','08:02:03','12:01:33','2023-05-12','2023-05-12 07:02:03',14370,0,'workInProgress',NULL,3,'WO33652'),(388,'job_WO33652','Assembly','user_Delt','13:02:25','15:40:58','2023-05-12','2023-05-12 12:02:25',9513,0,'stageComplete',NULL,3,'WO33652'),(389,'job_WO33653','Assembly','user_Delt','15:41:49','16:43:58','2023-05-12','2023-05-12 14:41:49',3729,0,'stageComplete',NULL,4,'WO33653'),(390,'job_WO33654','Assembly','user_Delt','16:45:43','17:02:04','2023-05-12','2023-05-12 15:45:43',981,124,'workInProgress',NULL,3,'WO33654'),(391,'job_WO33654','Assembly','user_Delt','08:01:31','09:01:56','2023-05-15','2023-05-15 07:01:31',3625,0,'stageComplete',NULL,3,'WO33654'),(392,'job_WO33655','Assembly','user_Delt','14:46:44','16:46:44','2023-05-15','2023-05-15 13:46:44',7200,0,'stageComplete',NULL,4,'WO33655'),(393,'job_WO33656','Assembly','user_Delt','08:02:17','11:34:35','2023-05-16','2023-05-16 07:02:17',12738,0,'stageComplete',NULL,3,'WO33656'),(394,'job_WO33658','Assembly','user_Delt','16:56:50','17:02:36','2023-05-17','2023-05-17 15:56:50',346,156,'workInProgress',NULL,4,'WO33658'),(395,'job_WO33658','Assembly','user_Delt','08:01:24','12:01:57','2023-05-18','2023-05-18 07:01:24',14433,0,'workInProgress',NULL,4,'WO33658'),(396,'job_WO33658','Assembly','user_Delt','13:02:33','17:00:07','2023-05-18','2023-05-18 12:02:33',14254,7,'workInProgress',NULL,4,'WO33658'),(397,'job_WO33658','Assembly','user_Delt','08:00:58','10:59:47','2023-05-19','2023-05-19 07:00:58',10729,0,'stageComplete',NULL,4,'WO33658'),(398,'job_WO33659','Assembly','user_Delt','11:00:32','12:02:20','2023-05-19','2023-05-19 10:00:32',3708,0,'workInProgress',NULL,4,'WO33659'),(399,'job_WO33659','Assembly','user_Delt','13:02:29','17:00:46','2023-05-19','2023-05-19 12:02:29',14297,46,'workInProgress',NULL,4,'WO33659'),(400,'job_WO33652','QC','user_Delt','15:41:21','17:02:21','2023-05-12','2023-05-12 14:41:21',4860,141,'workInProgress',NULL,4,'WO33652'),(401,'job_WO33652','QC','user_Delt','08:01:05','10:55:13','2023-05-15','2023-05-15 07:01:05',10448,0,'stageComplete',NULL,4,'WO33652'),(402,'job_WO33653','QC','user_Delt','10:58:05','11:28:23','2023-05-15','2023-05-15 09:58:05',1818,0,'stageComplete',NULL,5,'WO33653'),(403,'job_WO33654','QC','user_Delt','11:28:44','11:43:48','2023-05-15','2023-05-15 10:28:44',904,0,'stageComplete',NULL,4,'WO33654'),(404,'job_WO33655','QC','user_Delt','16:48:39','17:00:03','2023-05-15','2023-05-15 15:48:39',684,3,'workInProgress',NULL,5,'WO33655'),(405,'job_WO33655','QC','user_Delt','08:01:11','08:50:50','2023-05-16','2023-05-16 07:01:11',2979,0,'stageComplete',NULL,5,'WO33655'),(406,'job_WO33656','QC','user_Delt','13:01:08','15:16:36','2023-05-16','2023-05-16 12:01:08',8128,0,'stageComplete',NULL,4,'WO33656'),(407,'job_WO33657','QC','user_Delt','08:02:39','11:03:26','2023-05-17','2023-05-17 07:02:39',10847,0,'stageComplete',NULL,3,'WO33657'),(408,'job_WO33658','QC','user_Delt','11:01:15','12:01:14','2023-05-19','2023-05-19 10:01:15',3599,0,'workInProgress',NULL,5,'WO33658'),(409,'job_WO33658','QC','user_Delt','13:00:17','14:01:00','2023-05-19','2023-05-19 12:00:17',3643,0,'stageComplete',NULL,5,'WO33658'),(410,'job_WO33652','Shipping','user_Delt','10:55:53','12:01:05','2023-05-15','2023-05-15 09:55:53',3912,0,'workInProgress',NULL,5,'WO33652'),(411,'job_WO33652','Shipping','user_Delt','13:02:15','17:00:43','2023-05-15','2023-05-15 12:02:15',14308,43,'workInProgress',NULL,5,'WO33652'),(412,'job_WO33652','Shipping','user_Delt','08:02:48','12:01:09','2023-05-16','2023-05-16 07:02:48',14301,0,'workInProgress',NULL,5,'WO33652'),(413,'job_WO33652','Shipping','user_Delt','13:02:45','17:01:15','2023-05-16','2023-05-16 12:02:45',14310,75,'workInProgress',NULL,5,'WO33652'),(414,'job_WO33652','Shipping','user_Delt','08:01:56','10:04:24','2023-05-17','2023-05-17 07:01:56',7348,0,'stageComplete',NULL,5,'WO33652'),(415,'job_WO33653','Shipping','user_Delt','10:05:46','12:02:07','2023-05-17','2023-05-17 09:05:46',6981,0,'workInProgress',NULL,6,'WO33653'),(416,'job_WO33653','Shipping','user_Delt','13:02:01','13:21:09','2023-05-17','2023-05-17 12:02:01',1148,0,'stageComplete',NULL,6,'WO33653'),(417,'job_WO33654','Shipping','user_Delt','13:21:15','15:52:34','2023-05-17','2023-05-17 12:21:15',9079,0,'stageComplete',NULL,5,'WO33654'),(418,'job_WO33655','Shipping','user_Delt','15:54:12','17:01:27','2023-05-17','2023-05-17 14:54:12',4035,87,'workInProgress',NULL,6,'WO33655'),(419,'job_WO33655','Shipping','user_Delt','08:01:47','09:40:20','2023-05-18','2023-05-18 07:01:47',5913,0,'stageComplete',NULL,6,'WO33655'),(420,'job_WO33656','Shipping','user_Delt','09:41:26','10:41:53','2023-05-18','2023-05-18 08:41:26',3627,0,'stageComplete',NULL,5,'WO33656'),(421,'job_WO33657','Shipping','user_Delt','10:42:57','12:02:10','2023-05-18','2023-05-18 09:42:57',4753,0,'workInProgress',NULL,4,'WO33657'),(422,'job_WO33657','Shipping','user_Delt','13:00:53','14:44:15','2023-05-18','2023-05-18 12:00:53',6202,0,'stageComplete',NULL,4,'WO33657'),(423,'job_WO33658','Shipping','user_Delt','14:02:50','17:00:05','2023-05-19','2023-05-19 13:02:50',10635,5,'workInProgress',NULL,6,'WO33658'),(424,'job_WO33652','Cutting','user_Delt','08:00:34','12:02:25','2023-05-08','2023-05-08 07:00:34',14511,0,'workInProgress',NULL,1,'WO33652'),(425,'job_WO33652','Cutting','user_Delt','13:00:16','17:01:05','2023-05-08','2023-05-08 12:00:16',14449,65,'workInProgress',NULL,1,'WO33652'),(426,'job_WO33652','Cutting','user_Delt','08:00:30','12:02:06','2023-05-09','2023-05-09 07:00:30',14496,0,'workInProgress',NULL,1,'WO33652'),(427,'job_WO33652','Cutting','user_Delt','13:01:55','17:02:00','2023-05-09','2023-05-09 12:01:55',14405,120,'workInProgress',NULL,1,'WO33652'),(428,'job_WO33652','Cutting','user_Delt','08:02:46','10:00:02','2023-05-10','2023-05-10 07:02:46',7036,0,'stageComplete',NULL,1,'WO33652'),(429,'job_WO33653','Cutting','user_Delt','10:00:55','12:00:24','2023-05-10','2023-05-10 09:00:55',7169,0,'workInProgress',NULL,1,'WO33653'),(430,'job_WO33653','Cutting','user_Delt','13:02:04','17:00:07','2023-05-10','2023-05-10 12:02:04',14283,7,'workInProgress',NULL,1,'WO33653'),(431,'job_WO33653','Cutting','user_Delt','08:01:39','12:01:50','2023-05-11','2023-05-11 07:01:39',14411,0,'workInProgress',NULL,1,'WO33653'),(432,'job_WO33653','Cutting','user_Delt','13:02:35','15:04:52','2023-05-11','2023-05-11 12:02:35',7337,0,'stageComplete',NULL,1,'WO33653'),(433,'job_WO33654','Cutting','user_Delt','15:07:50','16:39:44','2023-05-11','2023-05-11 14:07:50',5514,0,'stageComplete',NULL,1,'WO33654'),(434,'job_WO33655','Cutting','user_Delt','16:40:52','17:00:58','2023-05-11','2023-05-11 15:40:52',1206,58,'workInProgress',NULL,1,'WO33655'),(435,'job_WO33655','Cutting','user_Delt','08:02:31','08:42:51','2023-05-12','2023-05-12 07:02:31',2420,0,'stageComplete',NULL,1,'WO33655'),(436,'job_WO33656','Cutting','user_Delt','08:44:12','10:44:19','2023-05-12','2023-05-12 07:44:12',7207,0,'stageComplete',NULL,1,'WO33656'),(437,'job_WO33657','Cutting','user_Delt','10:44:24','12:00:06','2023-05-12','2023-05-12 09:44:24',4542,0,'workInProgress',NULL,1,'WO33657'),(438,'job_WO33657','Cutting','user_Delt','13:02:46','14:49:22','2023-05-12','2023-05-12 12:02:46',6396,0,'stageComplete',NULL,1,'WO33657'),(439,'job_WO33658','Cutting','user_Delt','14:49:24','17:01:37','2023-05-12','2023-05-12 13:49:24',7933,97,'workInProgress',NULL,1,'WO33658'),(440,'job_WO33658','Cutting','user_Delt','08:02:55','09:51:37','2023-05-15','2023-05-15 07:02:55',6522,0,'stageComplete',NULL,1,'WO33658'),(441,'job_WO33659','Cutting','user_Delt','09:53:25','11:53:32','2023-05-15','2023-05-15 08:53:25',7207,0,'stageComplete',NULL,1,'WO33659'),(442,'job_WO33660','Cutting','user_Delt','08:02:15','09:33:11','2023-05-16','2023-05-16 07:02:15',5456,0,'stageComplete',NULL,1,'WO33660'),(443,'job_WO33661','Cutting','user_Delt','09:35:03','12:02:06','2023-05-16','2023-05-16 08:35:03',8823,0,'workInProgress',NULL,1,'WO33661'),(444,'job_WO33661','Cutting','user_Delt','13:02:21','13:36:17','2023-05-16','2023-05-16 12:02:21',2036,0,'stageComplete',NULL,1,'WO33661'),(445,'job_WO33662','Cutting','user_Delt','13:37:45','16:08:44','2023-05-16','2023-05-16 12:37:45',9059,0,'stageComplete',NULL,1,'WO33662'),(446,'job_WO33663','Cutting','user_Delt','08:02:53','08:48:49','2023-05-17','2023-05-17 07:02:53',2756,0,'stageComplete',NULL,1,'WO33663'),(447,'job_wrgr4','Cutting','user_Delt','08:01:57','10:03:11','2023-05-18','2023-05-18 07:01:57',7274,0,'stageComplete',NULL,1,'wrgr4'),(448,'job_awegd','Cutting','user_Delt','08:00:05','12:01:46','2023-05-19','2023-05-19 07:00:05',14501,0,'workInProgress',NULL,1,'awegd'),(449,'job_awegd','Cutting','user_Delt','13:02:22','16:33:25','2023-05-19','2023-05-19 12:02:22',12663,0,'stageComplete',NULL,1,'awegd'),(450,'job_WO33652','Welding','user_Delt','10:00:27','12:00:47','2023-05-10','2023-05-10 09:00:27',7220,0,'workInProgress',NULL,2,'WO33652'),(451,'job_WO33652','Welding','user_Delt','13:02:41','17:01:15','2023-05-10','2023-05-10 12:02:41',14314,75,'workInProgress',NULL,2,'WO33652'),(452,'job_WO33652','Welding','user_Delt','08:00:30','12:01:25','2023-05-11','2023-05-11 07:00:30',14455,0,'workInProgress',NULL,2,'WO33652'),(453,'job_WO33652','Welding','user_Delt','13:02:08','15:04:07','2023-05-11','2023-05-11 12:02:08',7319,0,'stageComplete',NULL,2,'WO33652'),(454,'job_WO33653','Welding','user_Delt','08:02:09','09:35:00','2023-05-12','2023-05-12 07:02:09',5571,0,'stageComplete',NULL,2,'WO33653'),(455,'job_WO33654','Welding','user_Delt','09:35:48','12:01:17','2023-05-12','2023-05-12 08:35:48',8729,0,'workInProgress',NULL,2,'WO33654'),(456,'job_WO33654','Welding','user_Delt','13:01:12','13:08:13','2023-05-12','2023-05-12 12:01:12',421,0,'stageComplete',NULL,2,'WO33654'),(457,'job_WO33655','Welding','user_Delt','13:10:20','17:02:09','2023-05-12','2023-05-12 12:10:20',13909,129,'workInProgress',NULL,2,'WO33655'),(458,'job_WO33655','Welding','user_Delt','08:01:40','10:12:21','2023-05-15','2023-05-15 07:01:40',7841,0,'stageComplete',NULL,2,'WO33655'),(459,'job_WO33656','Welding','user_Delt','10:12:29','12:02:02','2023-05-15','2023-05-15 09:12:29',6573,0,'workInProgress',NULL,2,'WO33656'),(460,'job_WO33656','Welding','user_Delt','13:01:02','16:13:12','2023-05-15','2023-05-15 12:01:02',11530,0,'stageComplete',NULL,2,'WO33656'),(461,'job_WO33657','Welding','user_Delt','16:14:58','17:02:50','2023-05-15','2023-05-15 15:14:58',2872,170,'workInProgress',NULL,2,'WO33657'),(462,'job_WO33657','Welding','user_Delt','08:00:44','12:01:33','2023-05-16','2023-05-16 07:00:44',14449,0,'workInProgress',NULL,2,'WO33657'),(463,'job_WO33657','Welding','user_Delt','13:02:20','16:46:38','2023-05-16','2023-05-16 12:02:20',13458,0,'stageComplete',NULL,2,'WO33657'),(464,'job_WO33658','Welding','user_Delt','16:49:30','17:01:35','2023-05-16','2023-05-16 15:49:30',725,95,'workInProgress',NULL,2,'WO33658'),(465,'job_WO33658','Welding','user_Delt','08:00:22','09:50:09','2023-05-17','2023-05-17 07:00:22',6587,0,'stageComplete',NULL,2,'WO33658'),(466,'job_WO33659','Welding','user_Delt','09:52:58','11:25:08','2023-05-17','2023-05-17 08:52:58',5530,0,'stageComplete',NULL,2,'WO33659'),(467,'job_WO33660','Welding','user_Delt','11:25:35','12:00:41','2023-05-17','2023-05-17 10:25:35',2106,0,'workInProgress',NULL,2,'WO33660'),(468,'job_WO33660','Welding','user_Delt','13:02:13','14:58:47','2023-05-17','2023-05-17 12:02:13',6994,0,'stageComplete',NULL,2,'WO33660'),(469,'job_WO33661','Welding','user_Delt','15:00:21','17:02:05','2023-05-17','2023-05-17 14:00:21',7304,125,'workInProgress',NULL,2,'WO33661'),(470,'job_WO33661','Welding','user_Delt','08:00:07','12:02:00','2023-05-18','2023-05-18 07:00:07',14513,0,'workInProgress',NULL,2,'WO33661'),(471,'job_WO33661','Welding','user_Delt','13:00:11','13:57:52','2023-05-18','2023-05-18 12:00:11',3461,0,'stageComplete',NULL,2,'WO33661'),(472,'job_WO33662','Welding','user_Delt','14:00:52','17:02:37','2023-05-18','2023-05-18 13:00:52',10905,157,'workInProgress',NULL,2,'WO33662'),(473,'job_WO33662','Welding','user_Delt','08:02:31','12:02:28','2023-05-19','2023-05-19 07:02:31',14397,0,'workInProgress',NULL,2,'WO33662'),(474,'job_WO33662','Welding','user_Delt','13:01:40','14:02:43','2023-05-19','2023-05-19 12:01:40',3663,0,'stageComplete',NULL,2,'WO33662'),(475,'job_WO33663','Welding','user_Delt','14:03:26','16:04:09','2023-05-19','2023-05-19 13:03:26',7243,0,'stageComplete',NULL,2,'WO33663'),(476,'job_wrgr4','Welding','user_Delt','16:06:17','17:00:58','2023-05-19','2023-05-19 15:06:17',3281,58,'workInProgress',NULL,2,'wrgr4'),(477,'job_WO33653','Painting','user_Delt','09:35:03','12:00:51','2023-05-12','2023-05-12 08:35:03',8748,0,'workInProgress',NULL,3,'WO33653'),(478,'job_WO33653','Painting','user_Delt','13:02:18','13:08:50','2023-05-12','2023-05-12 12:02:18',392,0,'stageComplete',NULL,3,'WO33653'),(479,'job_WO33655','Painting','user_Delt','10:13:20','12:01:43','2023-05-15','2023-05-15 09:13:20',6503,0,'workInProgress',NULL,3,'WO33655'),(480,'job_WO33655','Painting','user_Delt','13:02:11','14:45:16','2023-05-15','2023-05-15 12:02:11',6185,0,'stageComplete',NULL,3,'WO33655'),(481,'job_WO33658','Painting','user_Delt','09:52:36','12:01:30','2023-05-17','2023-05-17 08:52:36',7734,0,'workInProgress',NULL,3,'WO33658'),(482,'job_WO33658','Painting','user_Delt','13:01:57','16:54:11','2023-05-17','2023-05-17 12:01:57',13934,0,'stageComplete',NULL,3,'WO33658'),(483,'job_WO33659','Painting','user_Delt','16:56:59','17:02:20','2023-05-17','2023-05-17 15:56:59',321,140,'workInProgress',NULL,3,'WO33659'),(484,'job_WO33659','Painting','user_Delt','08:02:35','08:27:15','2023-05-18','2023-05-18 07:02:35',1480,0,'stageComplete',NULL,3,'WO33659'),(485,'job_WO33660','Painting','user_Delt','08:28:53','09:46:04','2023-05-18','2023-05-18 07:28:53',4631,0,'stageComplete',NULL,3,'WO33660'),(486,'job_WO33661','Painting','user_Delt','13:58:25','15:00:37','2023-05-18','2023-05-18 12:58:25',3732,0,'stageComplete',NULL,3,'WO33661'),(487,'job_WO33662','Painting','user_Delt','14:05:06','14:05:58','2023-05-19','2023-05-19 13:05:06',52,0,'stageComplete',NULL,3,'WO33662'),(488,'job_WO33652','Assembly','user_Delt','15:05:56','17:00:14','2023-05-11','2023-05-11 14:05:56',6858,14,'workInProgress',NULL,3,'WO33652'),(489,'job_WO33652','Assembly','user_Delt','08:02:03','12:01:33','2023-05-12','2023-05-12 07:02:03',14370,0,'workInProgress',NULL,3,'WO33652'),(490,'job_WO33652','Assembly','user_Delt','13:02:25','15:40:58','2023-05-12','2023-05-12 12:02:25',9513,0,'stageComplete',NULL,3,'WO33652'),(491,'job_WO33653','Assembly','user_Delt','15:41:49','16:43:58','2023-05-12','2023-05-12 14:41:49',3729,0,'stageComplete',NULL,4,'WO33653'),(492,'job_WO33654','Assembly','user_Delt','16:45:43','17:02:04','2023-05-12','2023-05-12 15:45:43',981,124,'workInProgress',NULL,3,'WO33654'),(493,'job_WO33654','Assembly','user_Delt','08:01:31','09:01:56','2023-05-15','2023-05-15 07:01:31',3625,0,'stageComplete',NULL,3,'WO33654'),(494,'job_WO33655','Assembly','user_Delt','14:46:44','16:46:44','2023-05-15','2023-05-15 13:46:44',7200,0,'stageComplete',NULL,4,'WO33655'),(495,'job_WO33656','Assembly','user_Delt','08:02:17','11:34:35','2023-05-16','2023-05-16 07:02:17',12738,0,'stageComplete',NULL,3,'WO33656'),(496,'job_WO33658','Assembly','user_Delt','16:56:50','17:02:36','2023-05-17','2023-05-17 15:56:50',346,156,'workInProgress',NULL,4,'WO33658'),(497,'job_WO33658','Assembly','user_Delt','08:01:24','12:01:57','2023-05-18','2023-05-18 07:01:24',14433,0,'workInProgress',NULL,4,'WO33658'),(498,'job_WO33658','Assembly','user_Delt','13:02:33','17:00:07','2023-05-18','2023-05-18 12:02:33',14254,7,'workInProgress',NULL,4,'WO33658'),(499,'job_WO33658','Assembly','user_Delt','08:00:58','10:59:47','2023-05-19','2023-05-19 07:00:58',10729,0,'stageComplete',NULL,4,'WO33658'),(500,'job_WO33659','Assembly','user_Delt','11:00:32','12:02:20','2023-05-19','2023-05-19 10:00:32',3708,0,'workInProgress',NULL,4,'WO33659'),(501,'job_WO33659','Assembly','user_Delt','13:02:29','17:00:46','2023-05-19','2023-05-19 12:02:29',14297,46,'workInProgress',NULL,4,'WO33659'),(502,'job_WO33652','QC','user_Delt','15:41:21','17:02:21','2023-05-12','2023-05-12 14:41:21',4860,141,'workInProgress',NULL,4,'WO33652'),(503,'job_WO33652','QC','user_Delt','08:01:05','10:55:13','2023-05-15','2023-05-15 07:01:05',10448,0,'stageComplete',NULL,4,'WO33652'),(504,'job_WO33653','QC','user_Delt','10:58:05','11:28:23','2023-05-15','2023-05-15 09:58:05',1818,0,'stageComplete',NULL,5,'WO33653'),(505,'job_WO33654','QC','user_Delt','11:28:44','11:43:48','2023-05-15','2023-05-15 10:28:44',904,0,'stageComplete',NULL,4,'WO33654'),(506,'job_WO33655','QC','user_Delt','16:48:39','17:00:03','2023-05-15','2023-05-15 15:48:39',684,3,'workInProgress',NULL,5,'WO33655'),(507,'job_WO33655','QC','user_Delt','08:01:11','08:50:50','2023-05-16','2023-05-16 07:01:11',2979,0,'stageComplete',NULL,5,'WO33655'),(508,'job_WO33656','QC','user_Delt','13:01:08','15:16:36','2023-05-16','2023-05-16 12:01:08',8128,0,'stageComplete',NULL,4,'WO33656'),(509,'job_WO33657','QC','user_Delt','08:02:39','11:03:26','2023-05-17','2023-05-17 07:02:39',10847,0,'stageComplete',NULL,3,'WO33657'),(510,'job_WO33658','QC','user_Delt','11:01:15','12:01:14','2023-05-19','2023-05-19 10:01:15',3599,0,'workInProgress',NULL,5,'WO33658'),(511,'job_WO33658','QC','user_Delt','13:00:17','14:01:00','2023-05-19','2023-05-19 12:00:17',3643,0,'stageComplete',NULL,5,'WO33658'),(512,'job_WO33652','Shipping','user_Delt','10:55:53','12:01:05','2023-05-15','2023-05-15 09:55:53',3912,0,'workInProgress',NULL,5,'WO33652'),(513,'job_WO33652','Shipping','user_Delt','13:02:15','17:00:43','2023-05-15','2023-05-15 12:02:15',14308,43,'workInProgress',NULL,5,'WO33652'),(514,'job_WO33652','Shipping','user_Delt','08:02:48','12:01:09','2023-05-16','2023-05-16 07:02:48',14301,0,'workInProgress',NULL,5,'WO33652'),(515,'job_WO33652','Shipping','user_Delt','13:02:45','17:01:15','2023-05-16','2023-05-16 12:02:45',14310,75,'workInProgress',NULL,5,'WO33652'),(516,'job_WO33652','Shipping','user_Delt','08:01:56','10:04:24','2023-05-17','2023-05-17 07:01:56',7348,0,'stageComplete',NULL,5,'WO33652'),(517,'job_WO33653','Shipping','user_Delt','10:05:46','12:02:07','2023-05-17','2023-05-17 09:05:46',6981,0,'workInProgress',NULL,6,'WO33653'),(518,'job_WO33653','Shipping','user_Delt','13:02:01','13:21:09','2023-05-17','2023-05-17 12:02:01',1148,0,'stageComplete',NULL,6,'WO33653'),(519,'job_WO33654','Shipping','user_Delt','13:21:15','15:52:34','2023-05-17','2023-05-17 12:21:15',9079,0,'stageComplete',NULL,5,'WO33654'),(520,'job_WO33655','Shipping','user_Delt','15:54:12','17:01:27','2023-05-17','2023-05-17 14:54:12',4035,87,'workInProgress',NULL,6,'WO33655'),(521,'job_WO33655','Shipping','user_Delt','08:01:47','09:40:20','2023-05-18','2023-05-18 07:01:47',5913,0,'stageComplete',NULL,6,'WO33655'),(522,'job_WO33656','Shipping','user_Delt','09:41:26','10:41:53','2023-05-18','2023-05-18 08:41:26',3627,0,'stageComplete',NULL,5,'WO33656'),(523,'job_WO33657','Shipping','user_Delt','10:42:57','12:02:10','2023-05-18','2023-05-18 09:42:57',4753,0,'workInProgress',NULL,4,'WO33657'),(524,'job_WO33657','Shipping','user_Delt','13:00:53','14:44:15','2023-05-18','2023-05-18 12:00:53',6202,0,'stageComplete',NULL,4,'WO33657'),(525,'job_WO33658','Shipping','user_Delt','14:02:50','17:00:05','2023-05-19','2023-05-19 13:02:50',10635,5,'workInProgress',NULL,6,'WO33658'),(526,'job_WO33652','Cutting','user_Delt','08:00:34','12:02:25','2023-05-08','2023-05-08 07:00:34',14511,0,'workInProgress',NULL,1,'WO33652'),(527,'job_WO33652','Cutting','user_Delt','13:00:16','17:01:05','2023-05-08','2023-05-08 12:00:16',14449,65,'workInProgress',NULL,1,'WO33652'),(528,'job_WO33652','Cutting','user_Delt','08:00:30','12:02:06','2023-05-09','2023-05-09 07:00:30',14496,0,'workInProgress',NULL,1,'WO33652'),(529,'job_WO33652','Cutting','user_Delt','13:01:55','17:02:00','2023-05-09','2023-05-09 12:01:55',14405,120,'workInProgress',NULL,1,'WO33652'),(530,'job_WO33652','Cutting','user_Delt','08:02:46','10:00:02','2023-05-10','2023-05-10 07:02:46',7036,0,'stageComplete',NULL,1,'WO33652'),(531,'job_WO33653','Cutting','user_Delt','10:00:55','12:00:24','2023-05-10','2023-05-10 09:00:55',7169,0,'workInProgress',NULL,1,'WO33653'),(532,'job_WO33653','Cutting','user_Delt','13:02:04','17:00:07','2023-05-10','2023-05-10 12:02:04',14283,7,'workInProgress',NULL,1,'WO33653'),(533,'job_WO33653','Cutting','user_Delt','08:01:39','12:01:50','2023-05-11','2023-05-11 07:01:39',14411,0,'workInProgress',NULL,1,'WO33653'),(534,'job_WO33653','Cutting','user_Delt','13:02:35','15:04:52','2023-05-11','2023-05-11 12:02:35',7337,0,'stageComplete',NULL,1,'WO33653'),(535,'job_WO33654','Cutting','user_Delt','15:07:50','16:39:44','2023-05-11','2023-05-11 14:07:50',5514,0,'stageComplete',NULL,1,'WO33654'),(536,'job_WO33655','Cutting','user_Delt','16:40:52','17:00:58','2023-05-11','2023-05-11 15:40:52',1206,58,'workInProgress',NULL,1,'WO33655'),(537,'job_WO33655','Cutting','user_Delt','08:02:31','08:42:51','2023-05-12','2023-05-12 07:02:31',2420,0,'stageComplete',NULL,1,'WO33655'),(538,'job_WO33656','Cutting','user_Delt','08:44:12','10:44:19','2023-05-12','2023-05-12 07:44:12',7207,0,'stageComplete',NULL,1,'WO33656'),(539,'job_WO33657','Cutting','user_Delt','10:44:24','12:00:06','2023-05-12','2023-05-12 09:44:24',4542,0,'workInProgress',NULL,1,'WO33657'),(540,'job_WO33657','Cutting','user_Delt','13:02:46','14:49:22','2023-05-12','2023-05-12 12:02:46',6396,0,'stageComplete',NULL,1,'WO33657'),(541,'job_WO33658','Cutting','user_Delt','14:49:24','17:01:37','2023-05-12','2023-05-12 13:49:24',7933,97,'workInProgress',NULL,1,'WO33658'),(542,'job_WO33658','Cutting','user_Delt','08:02:55','09:51:37','2023-05-15','2023-05-15 07:02:55',6522,0,'stageComplete',NULL,1,'WO33658'),(543,'job_WO33659','Cutting','user_Delt','09:53:25','11:53:32','2023-05-15','2023-05-15 08:53:25',7207,0,'stageComplete',NULL,1,'WO33659'),(544,'job_WO33660','Cutting','user_Delt','08:02:15','09:33:11','2023-05-16','2023-05-16 07:02:15',5456,0,'stageComplete',NULL,1,'WO33660'),(545,'job_WO33661','Cutting','user_Delt','09:35:03','12:02:06','2023-05-16','2023-05-16 08:35:03',8823,0,'workInProgress',NULL,1,'WO33661'),(546,'job_WO33661','Cutting','user_Delt','13:02:21','13:36:17','2023-05-16','2023-05-16 12:02:21',2036,0,'stageComplete',NULL,1,'WO33661'),(547,'job_WO33662','Cutting','user_Delt','13:37:45','16:08:44','2023-05-16','2023-05-16 12:37:45',9059,0,'stageComplete',NULL,1,'WO33662'),(548,'job_WO33663','Cutting','user_Delt','08:02:53','08:48:49','2023-05-17','2023-05-17 07:02:53',2756,0,'stageComplete',NULL,1,'WO33663'),(549,'job_wrgr4','Cutting','user_Delt','08:01:57','10:03:11','2023-05-18','2023-05-18 07:01:57',7274,0,'stageComplete',NULL,1,'wrgr4'),(550,'job_awegd','Cutting','user_Delt','08:00:05','12:01:46','2023-05-19','2023-05-19 07:00:05',14501,0,'workInProgress',NULL,1,'awegd'),(551,'job_awegd','Cutting','user_Delt','13:02:22','16:33:25','2023-05-19','2023-05-19 12:02:22',12663,0,'stageComplete',NULL,1,'awegd'),(552,'job_WO33652','Welding','user_Delt','10:00:27','12:00:47','2023-05-10','2023-05-10 09:00:27',7220,0,'workInProgress',NULL,2,'WO33652'),(553,'job_WO33652','Welding','user_Delt','13:02:41','17:01:15','2023-05-10','2023-05-10 12:02:41',14314,75,'workInProgress',NULL,2,'WO33652'),(554,'job_WO33652','Welding','user_Delt','08:00:30','12:01:25','2023-05-11','2023-05-11 07:00:30',14455,0,'workInProgress',NULL,2,'WO33652'),(555,'job_WO33652','Welding','user_Delt','13:02:08','15:04:07','2023-05-11','2023-05-11 12:02:08',7319,0,'stageComplete',NULL,2,'WO33652'),(556,'job_WO33653','Welding','user_Delt','08:02:09','09:35:00','2023-05-12','2023-05-12 07:02:09',5571,0,'stageComplete',NULL,2,'WO33653'),(557,'job_WO33654','Welding','user_Delt','09:35:48','12:01:17','2023-05-12','2023-05-12 08:35:48',8729,0,'workInProgress',NULL,2,'WO33654'),(558,'job_WO33654','Welding','user_Delt','13:01:12','13:08:13','2023-05-12','2023-05-12 12:01:12',421,0,'stageComplete',NULL,2,'WO33654'),(559,'job_WO33655','Welding','user_Delt','13:10:20','17:02:09','2023-05-12','2023-05-12 12:10:20',13909,129,'workInProgress',NULL,2,'WO33655'),(560,'job_WO33655','Welding','user_Delt','08:01:40','10:12:21','2023-05-15','2023-05-15 07:01:40',7841,0,'stageComplete',NULL,2,'WO33655'),(561,'job_WO33656','Welding','user_Delt','10:12:29','12:02:02','2023-05-15','2023-05-15 09:12:29',6573,0,'workInProgress',NULL,2,'WO33656'),(562,'job_WO33656','Welding','user_Delt','13:01:02','16:13:12','2023-05-15','2023-05-15 12:01:02',11530,0,'stageComplete',NULL,2,'WO33656'),(563,'job_WO33657','Welding','user_Delt','16:14:58','17:02:50','2023-05-15','2023-05-15 15:14:58',2872,170,'workInProgress',NULL,2,'WO33657'),(564,'job_WO33657','Welding','user_Delt','08:00:44','12:01:33','2023-05-16','2023-05-16 07:00:44',14449,0,'workInProgress',NULL,2,'WO33657'),(565,'job_WO33657','Welding','user_Delt','13:02:20','16:46:38','2023-05-16','2023-05-16 12:02:20',13458,0,'stageComplete',NULL,2,'WO33657'),(566,'job_WO33658','Welding','user_Delt','16:49:30','17:01:35','2023-05-16','2023-05-16 15:49:30',725,95,'workInProgress',NULL,2,'WO33658'),(567,'job_WO33658','Welding','user_Delt','08:00:22','09:50:09','2023-05-17','2023-05-17 07:00:22',6587,0,'stageComplete',NULL,2,'WO33658'),(568,'job_WO33659','Welding','user_Delt','09:52:58','11:25:08','2023-05-17','2023-05-17 08:52:58',5530,0,'stageComplete',NULL,2,'WO33659'),(569,'job_WO33660','Welding','user_Delt','11:25:35','12:00:41','2023-05-17','2023-05-17 10:25:35',2106,0,'workInProgress',NULL,2,'WO33660'),(570,'job_WO33660','Welding','user_Delt','13:02:13','14:58:47','2023-05-17','2023-05-17 12:02:13',6994,0,'stageComplete',NULL,2,'WO33660'),(571,'job_WO33661','Welding','user_Delt','15:00:21','17:02:05','2023-05-17','2023-05-17 14:00:21',7304,125,'workInProgress',NULL,2,'WO33661'),(572,'job_WO33661','Welding','user_Delt','08:00:07','12:02:00','2023-05-18','2023-05-18 07:00:07',14513,0,'workInProgress',NULL,2,'WO33661'),(573,'job_WO33661','Welding','user_Delt','13:00:11','13:57:52','2023-05-18','2023-05-18 12:00:11',3461,0,'stageComplete',NULL,2,'WO33661'),(574,'job_WO33662','Welding','user_Delt','14:00:52','17:02:37','2023-05-18','2023-05-18 13:00:52',10905,157,'workInProgress',NULL,2,'WO33662'),(575,'job_WO33662','Welding','user_Delt','08:02:31','12:02:28','2023-05-19','2023-05-19 07:02:31',14397,0,'workInProgress',NULL,2,'WO33662'),(576,'job_WO33662','Welding','user_Delt','13:01:40','14:02:43','2023-05-19','2023-05-19 12:01:40',3663,0,'stageComplete',NULL,2,'WO33662'),(577,'job_WO33663','Welding','user_Delt','14:03:26','16:04:09','2023-05-19','2023-05-19 13:03:26',7243,0,'stageComplete',NULL,2,'WO33663'),(578,'job_wrgr4','Welding','user_Delt','16:06:17','17:00:58','2023-05-19','2023-05-19 15:06:17',3281,58,'workInProgress',NULL,2,'wrgr4'),(579,'job_WO33653','Painting','user_Delt','09:35:03','12:00:51','2023-05-12','2023-05-12 08:35:03',8748,0,'workInProgress',NULL,3,'WO33653'),(580,'job_WO33653','Painting','user_Delt','13:02:18','13:08:50','2023-05-12','2023-05-12 12:02:18',392,0,'stageComplete',NULL,3,'WO33653'),(581,'job_WO33655','Painting','user_Delt','10:13:20','12:01:43','2023-05-15','2023-05-15 09:13:20',6503,0,'workInProgress',NULL,3,'WO33655'),(582,'job_WO33655','Painting','user_Delt','13:02:11','14:45:16','2023-05-15','2023-05-15 12:02:11',6185,0,'stageComplete',NULL,3,'WO33655'),(583,'job_WO33658','Painting','user_Delt','09:52:36','12:01:30','2023-05-17','2023-05-17 08:52:36',7734,0,'workInProgress',NULL,3,'WO33658'),(584,'job_WO33658','Painting','user_Delt','13:01:57','16:54:11','2023-05-17','2023-05-17 12:01:57',13934,0,'stageComplete',NULL,3,'WO33658'),(585,'job_WO33659','Painting','user_Delt','16:56:59','17:02:20','2023-05-17','2023-05-17 15:56:59',321,140,'workInProgress',NULL,3,'WO33659'),(586,'job_WO33659','Painting','user_Delt','08:02:35','08:27:15','2023-05-18','2023-05-18 07:02:35',1480,0,'stageComplete',NULL,3,'WO33659'),(587,'job_WO33660','Painting','user_Delt','08:28:53','09:46:04','2023-05-18','2023-05-18 07:28:53',4631,0,'stageComplete',NULL,3,'WO33660'),(588,'job_WO33661','Painting','user_Delt','13:58:25','15:00:37','2023-05-18','2023-05-18 12:58:25',3732,0,'stageComplete',NULL,3,'WO33661'),(589,'job_WO33662','Painting','user_Delt','14:05:06','14:05:58','2023-05-19','2023-05-19 13:05:06',52,0,'stageComplete',NULL,3,'WO33662'),(590,'job_WO33652','Assembly','user_Delt','15:05:56','17:00:14','2023-05-11','2023-05-11 14:05:56',6858,14,'workInProgress',NULL,3,'WO33652'),(591,'job_WO33652','Assembly','user_Delt','08:02:03','12:01:33','2023-05-12','2023-05-12 07:02:03',14370,0,'workInProgress',NULL,3,'WO33652'),(592,'job_WO33652','Assembly','user_Delt','13:02:25','15:40:58','2023-05-12','2023-05-12 12:02:25',9513,0,'stageComplete',NULL,3,'WO33652'),(593,'job_WO33653','Assembly','user_Delt','15:41:49','16:43:58','2023-05-12','2023-05-12 14:41:49',3729,0,'stageComplete',NULL,4,'WO33653'),(594,'job_WO33654','Assembly','user_Delt','16:45:43','17:02:04','2023-05-12','2023-05-12 15:45:43',981,124,'workInProgress',NULL,3,'WO33654'),(595,'job_WO33654','Assembly','user_Delt','08:01:31','09:01:56','2023-05-15','2023-05-15 07:01:31',3625,0,'stageComplete',NULL,3,'WO33654'),(596,'job_WO33655','Assembly','user_Delt','14:46:44','16:46:44','2023-05-15','2023-05-15 13:46:44',7200,0,'stageComplete',NULL,4,'WO33655'),(597,'job_WO33656','Assembly','user_Delt','08:02:17','11:34:35','2023-05-16','2023-05-16 07:02:17',12738,0,'stageComplete',NULL,3,'WO33656'),(598,'job_WO33658','Assembly','user_Delt','16:56:50','17:02:36','2023-05-17','2023-05-17 15:56:50',346,156,'workInProgress',NULL,4,'WO33658'),(599,'job_WO33658','Assembly','user_Delt','08:01:24','12:01:57','2023-05-18','2023-05-18 07:01:24',14433,0,'workInProgress',NULL,4,'WO33658'),(600,'job_WO33658','Assembly','user_Delt','13:02:33','17:00:07','2023-05-18','2023-05-18 12:02:33',14254,7,'workInProgress',NULL,4,'WO33658'),(601,'job_WO33658','Assembly','user_Delt','08:00:58','10:59:47','2023-05-19','2023-05-19 07:00:58',10729,0,'stageComplete',NULL,4,'WO33658'),(602,'job_WO33659','Assembly','user_Delt','11:00:32','12:02:20','2023-05-19','2023-05-19 10:00:32',3708,0,'workInProgress',NULL,4,'WO33659'),(603,'job_WO33659','Assembly','user_Delt','13:02:29','17:00:46','2023-05-19','2023-05-19 12:02:29',14297,46,'workInProgress',NULL,4,'WO33659'),(604,'job_WO33652','QC','user_Delt','15:41:21','17:02:21','2023-05-12','2023-05-12 14:41:21',4860,141,'workInProgress',NULL,4,'WO33652'),(605,'job_WO33652','QC','user_Delt','08:01:05','10:55:13','2023-05-15','2023-05-15 07:01:05',10448,0,'stageComplete',NULL,4,'WO33652'),(606,'job_WO33653','QC','user_Delt','10:58:05','11:28:23','2023-05-15','2023-05-15 09:58:05',1818,0,'stageComplete',NULL,5,'WO33653'),(607,'job_WO33654','QC','user_Delt','11:28:44','11:43:48','2023-05-15','2023-05-15 10:28:44',904,0,'stageComplete',NULL,4,'WO33654'),(608,'job_WO33655','QC','user_Delt','16:48:39','17:00:03','2023-05-15','2023-05-15 15:48:39',684,3,'workInProgress',NULL,5,'WO33655'),(609,'job_WO33655','QC','user_Delt','08:01:11','08:50:50','2023-05-16','2023-05-16 07:01:11',2979,0,'stageComplete',NULL,5,'WO33655'),(610,'job_WO33656','QC','user_Delt','13:01:08','15:16:36','2023-05-16','2023-05-16 12:01:08',8128,0,'stageComplete',NULL,4,'WO33656'),(611,'job_WO33657','QC','user_Delt','08:02:39','11:03:26','2023-05-17','2023-05-17 07:02:39',10847,0,'stageComplete',NULL,3,'WO33657'),(612,'job_WO33658','QC','user_Delt','11:01:15','12:01:14','2023-05-19','2023-05-19 10:01:15',3599,0,'workInProgress',NULL,5,'WO33658'),(613,'job_WO33658','QC','user_Delt','13:00:17','14:01:00','2023-05-19','2023-05-19 12:00:17',3643,0,'stageComplete',NULL,5,'WO33658'),(614,'job_WO33652','Shipping','user_Delt','10:55:53','12:01:05','2023-05-15','2023-05-15 09:55:53',3912,0,'workInProgress',NULL,5,'WO33652'),(615,'job_WO33652','Shipping','user_Delt','13:02:15','17:00:43','2023-05-15','2023-05-15 12:02:15',14308,43,'workInProgress',NULL,5,'WO33652'),(616,'job_WO33652','Shipping','user_Delt','08:02:48','12:01:09','2023-05-16','2023-05-16 07:02:48',14301,0,'workInProgress',NULL,5,'WO33652'),(617,'job_WO33652','Shipping','user_Delt','13:02:45','17:01:15','2023-05-16','2023-05-16 12:02:45',14310,75,'workInProgress',NULL,5,'WO33652'),(618,'job_WO33652','Shipping','user_Delt','08:01:56','10:04:24','2023-05-17','2023-05-17 07:01:56',7348,0,'stageComplete',NULL,5,'WO33652'),(619,'job_WO33653','Shipping','user_Delt','10:05:46','12:02:07','2023-05-17','2023-05-17 09:05:46',6981,0,'workInProgress',NULL,6,'WO33653'),(620,'job_WO33653','Shipping','user_Delt','13:02:01','13:21:09','2023-05-17','2023-05-17 12:02:01',1148,0,'stageComplete',NULL,6,'WO33653'),(621,'job_WO33654','Shipping','user_Delt','13:21:15','15:52:34','2023-05-17','2023-05-17 12:21:15',9079,0,'stageComplete',NULL,5,'WO33654'),(622,'job_WO33655','Shipping','user_Delt','15:54:12','17:01:27','2023-05-17','2023-05-17 14:54:12',4035,87,'workInProgress',NULL,6,'WO33655'),(623,'job_WO33655','Shipping','user_Delt','08:01:47','09:40:20','2023-05-18','2023-05-18 07:01:47',5913,0,'stageComplete',NULL,6,'WO33655'),(624,'job_WO33656','Shipping','user_Delt','09:41:26','10:41:53','2023-05-18','2023-05-18 08:41:26',3627,0,'stageComplete',NULL,5,'WO33656'),(625,'job_WO33657','Shipping','user_Delt','10:42:57','12:02:10','2023-05-18','2023-05-18 09:42:57',4753,0,'workInProgress',NULL,4,'WO33657'),(626,'job_WO33657','Shipping','user_Delt','13:00:53','14:44:15','2023-05-18','2023-05-18 12:00:53',6202,0,'stageComplete',NULL,4,'WO33657'),(627,'job_WO33658','Shipping','user_Delt','14:02:50','17:00:05','2023-05-19','2023-05-19 13:02:50',10635,5,'workInProgress',NULL,6,'WO33658'),(628,'job_WO33652','Cutting','user_Delt','08:00:34','12:02:25','2023-05-08','2023-05-08 07:00:34',14511,0,'workInProgress',NULL,1,'WO33652'),(629,'job_WO33652','Cutting','user_Delt','13:00:16','17:01:05','2023-05-08','2023-05-08 12:00:16',14449,65,'workInProgress',NULL,1,'WO33652'),(630,'job_WO33652','Cutting','user_Delt','08:00:30','12:02:06','2023-05-09','2023-05-09 07:00:30',14496,0,'workInProgress',NULL,1,'WO33652'),(631,'job_WO33652','Cutting','user_Delt','13:01:55','17:02:00','2023-05-09','2023-05-09 12:01:55',14405,120,'workInProgress',NULL,1,'WO33652'),(632,'job_WO33652','Cutting','user_Delt','08:02:46','10:00:02','2023-05-10','2023-05-10 07:02:46',7036,0,'stageComplete',NULL,1,'WO33652'),(633,'job_WO33653','Cutting','user_Delt','10:00:55','12:00:24','2023-05-10','2023-05-10 09:00:55',7169,0,'workInProgress',NULL,1,'WO33653'),(634,'job_WO33653','Cutting','user_Delt','13:02:04','17:00:07','2023-05-10','2023-05-10 12:02:04',14283,7,'workInProgress',NULL,1,'WO33653'),(635,'job_WO33653','Cutting','user_Delt','08:01:39','12:01:50','2023-05-11','2023-05-11 07:01:39',14411,0,'workInProgress',NULL,1,'WO33653'),(636,'job_WO33653','Cutting','user_Delt','13:02:35','15:04:52','2023-05-11','2023-05-11 12:02:35',7337,0,'stageComplete',NULL,1,'WO33653'),(637,'job_WO33654','Cutting','user_Delt','15:07:50','16:39:44','2023-05-11','2023-05-11 14:07:50',5514,0,'stageComplete',NULL,1,'WO33654'),(638,'job_WO33655','Cutting','user_Delt','16:40:52','17:00:58','2023-05-11','2023-05-11 15:40:52',1206,58,'workInProgress',NULL,1,'WO33655'),(639,'job_WO33655','Cutting','user_Delt','08:02:31','08:42:51','2023-05-12','2023-05-12 07:02:31',2420,0,'stageComplete',NULL,1,'WO33655'),(640,'job_WO33656','Cutting','user_Delt','08:44:12','10:44:19','2023-05-12','2023-05-12 07:44:12',7207,0,'stageComplete',NULL,1,'WO33656'),(641,'job_WO33657','Cutting','user_Delt','10:44:24','12:00:06','2023-05-12','2023-05-12 09:44:24',4542,0,'workInProgress',NULL,1,'WO33657'),(642,'job_WO33657','Cutting','user_Delt','13:02:46','14:49:22','2023-05-12','2023-05-12 12:02:46',6396,0,'stageComplete',NULL,1,'WO33657'),(643,'job_WO33658','Cutting','user_Delt','14:49:24','17:01:37','2023-05-12','2023-05-12 13:49:24',7933,97,'workInProgress',NULL,1,'WO33658'),(644,'job_WO33658','Cutting','user_Delt','08:02:55','09:51:37','2023-05-15','2023-05-15 07:02:55',6522,0,'stageComplete',NULL,1,'WO33658'),(645,'job_WO33659','Cutting','user_Delt','09:53:25','11:53:32','2023-05-15','2023-05-15 08:53:25',7207,0,'stageComplete',NULL,1,'WO33659'),(646,'job_WO33660','Cutting','user_Delt','08:02:15','09:33:11','2023-05-16','2023-05-16 07:02:15',5456,0,'stageComplete',NULL,1,'WO33660'),(647,'job_WO33661','Cutting','user_Delt','09:35:03','12:02:06','2023-05-16','2023-05-16 08:35:03',8823,0,'workInProgress',NULL,1,'WO33661'),(648,'job_WO33661','Cutting','user_Delt','13:02:21','13:36:17','2023-05-16','2023-05-16 12:02:21',2036,0,'stageComplete',NULL,1,'WO33661'),(649,'job_WO33662','Cutting','user_Delt','13:37:45','16:08:44','2023-05-16','2023-05-16 12:37:45',9059,0,'stageComplete',NULL,1,'WO33662'),(650,'job_WO33663','Cutting','user_Delt','08:02:53','08:48:49','2023-05-17','2023-05-17 07:02:53',2756,0,'stageComplete',NULL,1,'WO33663'),(651,'job_wrgr4','Cutting','user_Delt','08:01:57','10:03:11','2023-05-18','2023-05-18 07:01:57',7274,0,'stageComplete',NULL,1,'wrgr4'),(652,'job_awegd','Cutting','user_Delt','08:00:05','12:01:46','2023-05-19','2023-05-19 07:00:05',14501,0,'workInProgress',NULL,1,'awegd'),(653,'job_awegd','Cutting','user_Delt','13:02:22','16:33:25','2023-05-19','2023-05-19 12:02:22',12663,0,'stageComplete',NULL,1,'awegd'),(654,'job_WO33652','Welding','user_Delt','10:00:27','12:00:47','2023-05-10','2023-05-10 09:00:27',7220,0,'workInProgress',NULL,2,'WO33652'),(655,'job_WO33652','Welding','user_Delt','13:02:41','17:01:15','2023-05-10','2023-05-10 12:02:41',14314,75,'workInProgress',NULL,2,'WO33652'),(656,'job_WO33652','Welding','user_Delt','08:00:30','12:01:25','2023-05-11','2023-05-11 07:00:30',14455,0,'workInProgress',NULL,2,'WO33652'),(657,'job_WO33652','Welding','user_Delt','13:02:08','15:04:07','2023-05-11','2023-05-11 12:02:08',7319,0,'stageComplete',NULL,2,'WO33652'),(658,'job_WO33653','Welding','user_Delt','08:02:09','09:35:00','2023-05-12','2023-05-12 07:02:09',5571,0,'stageComplete',NULL,2,'WO33653'),(659,'job_WO33654','Welding','user_Delt','09:35:48','12:01:17','2023-05-12','2023-05-12 08:35:48',8729,0,'workInProgress',NULL,2,'WO33654'),(660,'job_WO33654','Welding','user_Delt','13:01:12','13:08:13','2023-05-12','2023-05-12 12:01:12',421,0,'stageComplete',NULL,2,'WO33654'),(661,'job_WO33655','Welding','user_Delt','13:10:20','17:02:09','2023-05-12','2023-05-12 12:10:20',13909,129,'workInProgress',NULL,2,'WO33655'),(662,'job_WO33655','Welding','user_Delt','08:01:40','10:12:21','2023-05-15','2023-05-15 07:01:40',7841,0,'stageComplete',NULL,2,'WO33655'),(663,'job_WO33656','Welding','user_Delt','10:12:29','12:02:02','2023-05-15','2023-05-15 09:12:29',6573,0,'workInProgress',NULL,2,'WO33656'),(664,'job_WO33656','Welding','user_Delt','13:01:02','16:13:12','2023-05-15','2023-05-15 12:01:02',11530,0,'stageComplete',NULL,2,'WO33656'),(665,'job_WO33657','Welding','user_Delt','16:14:58','17:02:50','2023-05-15','2023-05-15 15:14:58',2872,170,'workInProgress',NULL,2,'WO33657'),(666,'job_WO33657','Welding','user_Delt','08:00:44','12:01:33','2023-05-16','2023-05-16 07:00:44',14449,0,'workInProgress',NULL,2,'WO33657'),(667,'job_WO33657','Welding','user_Delt','13:02:20','16:46:38','2023-05-16','2023-05-16 12:02:20',13458,0,'stageComplete',NULL,2,'WO33657'),(668,'job_WO33658','Welding','user_Delt','16:49:30','17:01:35','2023-05-16','2023-05-16 15:49:30',725,95,'workInProgress',NULL,2,'WO33658'),(669,'job_WO33658','Welding','user_Delt','08:00:22','09:50:09','2023-05-17','2023-05-17 07:00:22',6587,0,'stageComplete',NULL,2,'WO33658'),(670,'job_WO33659','Welding','user_Delt','09:52:58','11:25:08','2023-05-17','2023-05-17 08:52:58',5530,0,'stageComplete',NULL,2,'WO33659'),(671,'job_WO33660','Welding','user_Delt','11:25:35','12:00:41','2023-05-17','2023-05-17 10:25:35',2106,0,'workInProgress',NULL,2,'WO33660'),(672,'job_WO33660','Welding','user_Delt','13:02:13','14:58:47','2023-05-17','2023-05-17 12:02:13',6994,0,'stageComplete',NULL,2,'WO33660'),(673,'job_WO33661','Welding','user_Delt','15:00:21','17:02:05','2023-05-17','2023-05-17 14:00:21',7304,125,'workInProgress',NULL,2,'WO33661'),(674,'job_WO33661','Welding','user_Delt','08:00:07','12:02:00','2023-05-18','2023-05-18 07:00:07',14513,0,'workInProgress',NULL,2,'WO33661'),(675,'job_WO33661','Welding','user_Delt','13:00:11','13:57:52','2023-05-18','2023-05-18 12:00:11',3461,0,'stageComplete',NULL,2,'WO33661'),(676,'job_WO33662','Welding','user_Delt','14:00:52','17:02:37','2023-05-18','2023-05-18 13:00:52',10905,157,'workInProgress',NULL,2,'WO33662'),(677,'job_WO33662','Welding','user_Delt','08:02:31','12:02:28','2023-05-19','2023-05-19 07:02:31',14397,0,'workInProgress',NULL,2,'WO33662'),(678,'job_WO33662','Welding','user_Delt','13:01:40','14:02:43','2023-05-19','2023-05-19 12:01:40',3663,0,'stageComplete',NULL,2,'WO33662'),(679,'job_WO33663','Welding','user_Delt','14:03:26','16:04:09','2023-05-19','2023-05-19 13:03:26',7243,0,'stageComplete',NULL,2,'WO33663'),(680,'job_wrgr4','Welding','user_Delt','16:06:17','17:00:58','2023-05-19','2023-05-19 15:06:17',3281,58,'workInProgress',NULL,2,'wrgr4'),(681,'job_WO33653','Painting','user_Delt','09:35:03','12:00:51','2023-05-12','2023-05-12 08:35:03',8748,0,'workInProgress',NULL,3,'WO33653'),(682,'job_WO33653','Painting','user_Delt','13:02:18','13:08:50','2023-05-12','2023-05-12 12:02:18',392,0,'stageComplete',NULL,3,'WO33653'),(683,'job_WO33655','Painting','user_Delt','10:13:20','12:01:43','2023-05-15','2023-05-15 09:13:20',6503,0,'workInProgress',NULL,3,'WO33655'),(684,'job_WO33655','Painting','user_Delt','13:02:11','14:45:16','2023-05-15','2023-05-15 12:02:11',6185,0,'stageComplete',NULL,3,'WO33655'),(685,'job_WO33658','Painting','user_Delt','09:52:36','12:01:30','2023-05-17','2023-05-17 08:52:36',7734,0,'workInProgress',NULL,3,'WO33658'),(686,'job_WO33658','Painting','user_Delt','13:01:57','16:54:11','2023-05-17','2023-05-17 12:01:57',13934,0,'stageComplete',NULL,3,'WO33658'),(687,'job_WO33659','Painting','user_Delt','16:56:59','17:02:20','2023-05-17','2023-05-17 15:56:59',321,140,'workInProgress',NULL,3,'WO33659'),(688,'job_WO33659','Painting','user_Delt','08:02:35','08:27:15','2023-05-18','2023-05-18 07:02:35',1480,0,'stageComplete',NULL,3,'WO33659'),(689,'job_WO33660','Painting','user_Delt','08:28:53','09:46:04','2023-05-18','2023-05-18 07:28:53',4631,0,'stageComplete',NULL,3,'WO33660'),(690,'job_WO33661','Painting','user_Delt','13:58:25','15:00:37','2023-05-18','2023-05-18 12:58:25',3732,0,'stageComplete',NULL,3,'WO33661'),(691,'job_WO33662','Painting','user_Delt','14:05:06','14:05:58','2023-05-19','2023-05-19 13:05:06',52,0,'stageComplete',NULL,3,'WO33662'),(692,'job_WO33652','Assembly','user_Delt','15:05:56','17:00:14','2023-05-11','2023-05-11 14:05:56',6858,14,'workInProgress',NULL,3,'WO33652'),(693,'job_WO33652','Assembly','user_Delt','08:02:03','12:01:33','2023-05-12','2023-05-12 07:02:03',14370,0,'workInProgress',NULL,3,'WO33652'),(694,'job_WO33652','Assembly','user_Delt','13:02:25','15:40:58','2023-05-12','2023-05-12 12:02:25',9513,0,'stageComplete',NULL,3,'WO33652'),(695,'job_WO33653','Assembly','user_Delt','15:41:49','16:43:58','2023-05-12','2023-05-12 14:41:49',3729,0,'stageComplete',NULL,4,'WO33653'),(696,'job_WO33654','Assembly','user_Delt','16:45:43','17:02:04','2023-05-12','2023-05-12 15:45:43',981,124,'workInProgress',NULL,3,'WO33654'),(697,'job_WO33654','Assembly','user_Delt','08:01:31','09:01:56','2023-05-15','2023-05-15 07:01:31',3625,0,'stageComplete',NULL,3,'WO33654'),(698,'job_WO33655','Assembly','user_Delt','14:46:44','16:46:44','2023-05-15','2023-05-15 13:46:44',7200,0,'stageComplete',NULL,4,'WO33655'),(699,'job_WO33656','Assembly','user_Delt','08:02:17','11:34:35','2023-05-16','2023-05-16 07:02:17',12738,0,'stageComplete',NULL,3,'WO33656'),(700,'job_WO33658','Assembly','user_Delt','16:56:50','17:02:36','2023-05-17','2023-05-17 15:56:50',346,156,'workInProgress',NULL,4,'WO33658'),(701,'job_WO33658','Assembly','user_Delt','08:01:24','12:01:57','2023-05-18','2023-05-18 07:01:24',14433,0,'workInProgress',NULL,4,'WO33658'),(702,'job_WO33658','Assembly','user_Delt','13:02:33','17:00:07','2023-05-18','2023-05-18 12:02:33',14254,7,'workInProgress',NULL,4,'WO33658'),(703,'job_WO33658','Assembly','user_Delt','08:00:58','10:59:47','2023-05-19','2023-05-19 07:00:58',10729,0,'stageComplete',NULL,4,'WO33658'),(704,'job_WO33659','Assembly','user_Delt','11:00:32','12:02:20','2023-05-19','2023-05-19 10:00:32',3708,0,'workInProgress',NULL,4,'WO33659'),(705,'job_WO33659','Assembly','user_Delt','13:02:29','17:00:46','2023-05-19','2023-05-19 12:02:29',14297,46,'workInProgress',NULL,4,'WO33659'),(706,'job_WO33652','QC','user_Delt','15:41:21','17:02:21','2023-05-12','2023-05-12 14:41:21',4860,141,'workInProgress',NULL,4,'WO33652'),(707,'job_WO33652','QC','user_Delt','08:01:05','10:55:13','2023-05-15','2023-05-15 07:01:05',10448,0,'stageComplete',NULL,4,'WO33652'),(708,'job_WO33653','QC','user_Delt','10:58:05','11:28:23','2023-05-15','2023-05-15 09:58:05',1818,0,'stageComplete',NULL,5,'WO33653'),(709,'job_WO33654','QC','user_Delt','11:28:44','11:43:48','2023-05-15','2023-05-15 10:28:44',904,0,'stageComplete',NULL,4,'WO33654'),(710,'job_WO33655','QC','user_Delt','16:48:39','17:00:03','2023-05-15','2023-05-15 15:48:39',684,3,'workInProgress',NULL,5,'WO33655'),(711,'job_WO33655','QC','user_Delt','08:01:11','08:50:50','2023-05-16','2023-05-16 07:01:11',2979,0,'stageComplete',NULL,5,'WO33655'),(712,'job_WO33656','QC','user_Delt','13:01:08','15:16:36','2023-05-16','2023-05-16 12:01:08',8128,0,'stageComplete',NULL,4,'WO33656'),(713,'job_WO33657','QC','user_Delt','08:02:39','11:03:26','2023-05-17','2023-05-17 07:02:39',10847,0,'stageComplete',NULL,3,'WO33657'),(714,'job_WO33658','QC','user_Delt','11:01:15','12:01:14','2023-05-19','2023-05-19 10:01:15',3599,0,'workInProgress',NULL,5,'WO33658'),(715,'job_WO33658','QC','user_Delt','13:00:17','14:01:00','2023-05-19','2023-05-19 12:00:17',3643,0,'stageComplete',NULL,5,'WO33658'),(716,'job_WO33652','Shipping','user_Delt','10:55:53','12:01:05','2023-05-15','2023-05-15 09:55:53',3912,0,'workInProgress',NULL,5,'WO33652'),(717,'job_WO33652','Shipping','user_Delt','13:02:15','17:00:43','2023-05-15','2023-05-15 12:02:15',14308,43,'workInProgress',NULL,5,'WO33652'),(718,'job_WO33652','Shipping','user_Delt','08:02:48','12:01:09','2023-05-16','2023-05-16 07:02:48',14301,0,'workInProgress',NULL,5,'WO33652'),(719,'job_WO33652','Shipping','user_Delt','13:02:45','17:01:15','2023-05-16','2023-05-16 12:02:45',14310,75,'workInProgress',NULL,5,'WO33652'),(720,'job_WO33652','Shipping','user_Delt','08:01:56','10:04:24','2023-05-17','2023-05-17 07:01:56',7348,0,'stageComplete',NULL,5,'WO33652'),(721,'job_WO33653','Shipping','user_Delt','10:05:46','12:02:07','2023-05-17','2023-05-17 09:05:46',6981,0,'workInProgress',NULL,6,'WO33653'),(722,'job_WO33653','Shipping','user_Delt','13:02:01','13:21:09','2023-05-17','2023-05-17 12:02:01',1148,0,'stageComplete',NULL,6,'WO33653'),(723,'job_WO33654','Shipping','user_Delt','13:21:15','15:52:34','2023-05-17','2023-05-17 12:21:15',9079,0,'stageComplete',NULL,5,'WO33654'),(724,'job_WO33655','Shipping','user_Delt','15:54:12','17:01:27','2023-05-17','2023-05-17 14:54:12',4035,87,'workInProgress',NULL,6,'WO33655'),(725,'job_WO33655','Shipping','user_Delt','08:01:47','09:40:20','2023-05-18','2023-05-18 07:01:47',5913,0,'stageComplete',NULL,6,'WO33655'),(726,'job_WO33656','Shipping','user_Delt','09:41:26','10:41:53','2023-05-18','2023-05-18 08:41:26',3627,0,'stageComplete',NULL,5,'WO33656'),(727,'job_WO33657','Shipping','user_Delt','10:42:57','12:02:10','2023-05-18','2023-05-18 09:42:57',4753,0,'workInProgress',NULL,4,'WO33657'),(728,'job_WO33657','Shipping','user_Delt','13:00:53','14:44:15','2023-05-18','2023-05-18 12:00:53',6202,0,'stageComplete',NULL,4,'WO33657'),(729,'job_WO33658','Shipping','user_Delt','14:02:50','17:00:05','2023-05-19','2023-05-19 13:02:50',10635,5,'workInProgress',NULL,6,'WO33658'),(730,'job_WO33652','Cutting','user_0001','08:00:34','12:02:25','2023-05-08','2023-05-08 07:00:34',14511,0,'workInProgress',NULL,1,'WO33652'),(731,'job_WO33652','Cutting','user_0001','13:00:16','17:01:05','2023-05-08','2023-05-08 12:00:16',14449,65,'workInProgress',NULL,1,'WO33652'),(732,'job_WO33652','Cutting','user_0001','08:00:30','12:02:06','2023-05-09','2023-05-09 07:00:30',14496,0,'workInProgress',NULL,1,'WO33652'),(733,'job_WO33652','Cutting','user_0001','13:01:55','17:02:00','2023-05-09','2023-05-09 12:01:55',14405,120,'workInProgress',NULL,1,'WO33652'),(734,'job_WO33652','Cutting','user_0001','08:02:46','10:00:02','2023-05-10','2023-05-10 07:02:46',7036,0,'stageComplete',NULL,1,'WO33652'),(735,'job_WO33653','Cutting','user_0001','10:00:55','12:00:24','2023-05-10','2023-05-10 09:00:55',7169,0,'workInProgress',NULL,1,'WO33653'),(736,'job_WO33653','Cutting','user_0001','13:02:04','17:00:07','2023-05-10','2023-05-10 12:02:04',14283,7,'workInProgress',NULL,1,'WO33653'),(737,'job_WO33653','Cutting','user_0001','08:01:39','12:01:50','2023-05-11','2023-05-11 07:01:39',14411,0,'workInProgress',NULL,1,'WO33653'),(738,'job_WO33653','Cutting','user_0001','13:02:35','15:04:52','2023-05-11','2023-05-11 12:02:35',7337,0,'stageComplete',NULL,1,'WO33653'),(739,'job_WO33654','Cutting','user_0001','15:07:50','16:39:44','2023-05-11','2023-05-11 14:07:50',5514,0,'stageComplete',NULL,1,'WO33654'),(740,'job_WO33655','Cutting','user_0001','16:40:52','17:00:58','2023-05-11','2023-05-11 15:40:52',1206,58,'workInProgress',NULL,1,'WO33655'),(741,'job_WO33655','Cutting','user_0001','08:02:31','08:42:51','2023-05-12','2023-05-12 07:02:31',2420,0,'stageComplete',NULL,1,'WO33655'),(742,'job_WO33656','Cutting','user_0001','08:44:12','10:44:19','2023-05-12','2023-05-12 07:44:12',7207,0,'stageComplete',NULL,1,'WO33656'),(743,'job_WO33657','Cutting','user_0001','10:44:24','12:00:06','2023-05-12','2023-05-12 09:44:24',4542,0,'workInProgress',NULL,1,'WO33657'),(744,'job_WO33657','Cutting','user_0001','13:02:46','14:49:22','2023-05-12','2023-05-12 12:02:46',6396,0,'stageComplete',NULL,1,'WO33657'),(745,'job_WO33658','Cutting','user_0001','14:49:24','17:01:37','2023-05-12','2023-05-12 13:49:24',7933,97,'workInProgress',NULL,1,'WO33658'),(746,'job_WO33658','Cutting','user_0001','08:02:55','09:51:37','2023-05-15','2023-05-15 07:02:55',6522,0,'stageComplete',NULL,1,'WO33658'),(747,'job_WO33659','Cutting','user_0001','09:53:25','11:53:32','2023-05-15','2023-05-15 08:53:25',7207,0,'stageComplete',NULL,1,'WO33659'),(748,'job_WO33660','Cutting','user_0001','08:02:15','09:33:11','2023-05-16','2023-05-16 07:02:15',5456,0,'stageComplete',NULL,1,'WO33660'),(749,'job_WO33661','Cutting','user_0001','09:35:03','12:02:06','2023-05-16','2023-05-16 08:35:03',8823,0,'workInProgress',NULL,1,'WO33661'),(750,'job_WO33661','Cutting','user_0001','13:02:21','13:36:17','2023-05-16','2023-05-16 12:02:21',2036,0,'stageComplete',NULL,1,'WO33661'),(751,'job_WO33662','Cutting','user_0001','13:37:45','16:08:44','2023-05-16','2023-05-16 12:37:45',9059,0,'stageComplete',NULL,1,'WO33662'),(752,'job_WO33663','Cutting','user_0001','08:02:53','08:48:49','2023-05-17','2023-05-17 07:02:53',2756,0,'stageComplete',NULL,1,'WO33663'),(753,'job_wrgr4','Cutting','user_0001','08:01:57','10:03:11','2023-05-18','2023-05-18 07:01:57',7274,0,'stageComplete',NULL,1,'wrgr4'),(754,'job_awegd','Cutting','user_0001','08:00:05','12:01:46','2023-05-19','2023-05-19 07:00:05',14501,0,'workInProgress',NULL,1,'awegd'),(755,'job_awegd','Cutting','user_0001','13:02:22','16:33:25','2023-05-19','2023-05-19 12:02:22',12663,0,'stageComplete',NULL,1,'awegd'),(756,'job_WO33652','Welding','user_0002','10:00:27','12:00:47','2023-05-10','2023-05-10 09:00:27',7220,0,'workInProgress',NULL,2,'WO33652'),(757,'job_WO33652','Welding','user_0002','13:02:41','17:01:15','2023-05-10','2023-05-10 12:02:41',14314,75,'workInProgress',NULL,2,'WO33652'),(758,'job_WO33652','Welding','user_0002','08:00:30','12:01:25','2023-05-11','2023-05-11 07:00:30',14455,0,'workInProgress',NULL,2,'WO33652'),(759,'job_WO33652','Welding','user_0002','13:02:08','15:04:07','2023-05-11','2023-05-11 12:02:08',7319,0,'stageComplete',NULL,2,'WO33652'),(760,'job_WO33653','Welding','user_0002','08:02:09','09:35:00','2023-05-12','2023-05-12 07:02:09',5571,0,'stageComplete',NULL,2,'WO33653'),(761,'job_WO33654','Welding','user_0002','09:35:48','12:01:17','2023-05-12','2023-05-12 08:35:48',8729,0,'workInProgress',NULL,2,'WO33654'),(762,'job_WO33654','Welding','user_0002','13:01:12','13:08:13','2023-05-12','2023-05-12 12:01:12',421,0,'stageComplete',NULL,2,'WO33654'),(763,'job_WO33655','Welding','user_0002','13:10:20','17:02:09','2023-05-12','2023-05-12 12:10:20',13909,129,'workInProgress',NULL,2,'WO33655'),(764,'job_WO33655','Welding','user_0002','08:01:40','10:12:21','2023-05-15','2023-05-15 07:01:40',7841,0,'stageComplete',NULL,2,'WO33655'),(765,'job_WO33656','Welding','user_0002','10:12:29','12:02:02','2023-05-15','2023-05-15 09:12:29',6573,0,'workInProgress',NULL,2,'WO33656'),(766,'job_WO33656','Welding','user_0002','13:01:02','16:13:12','2023-05-15','2023-05-15 12:01:02',11530,0,'stageComplete',NULL,2,'WO33656'),(767,'job_WO33657','Welding','user_0002','16:14:58','17:02:50','2023-05-15','2023-05-15 15:14:58',2872,170,'workInProgress',NULL,2,'WO33657'),(768,'job_WO33657','Welding','user_0002','08:00:44','12:01:33','2023-05-16','2023-05-16 07:00:44',14449,0,'workInProgress',NULL,2,'WO33657'),(769,'job_WO33657','Welding','user_0002','13:02:20','16:46:38','2023-05-16','2023-05-16 12:02:20',13458,0,'stageComplete',NULL,2,'WO33657'),(770,'job_WO33658','Welding','user_0002','16:49:30','17:01:35','2023-05-16','2023-05-16 15:49:30',725,95,'workInProgress',NULL,2,'WO33658'),(771,'job_WO33658','Welding','user_0002','08:00:22','09:50:09','2023-05-17','2023-05-17 07:00:22',6587,0,'stageComplete',NULL,2,'WO33658'),(772,'job_WO33659','Welding','user_0002','09:52:58','11:25:08','2023-05-17','2023-05-17 08:52:58',5530,0,'stageComplete',NULL,2,'WO33659'),(773,'job_WO33660','Welding','user_0002','11:25:35','12:00:41','2023-05-17','2023-05-17 10:25:35',2106,0,'workInProgress',NULL,2,'WO33660'),(774,'job_WO33660','Welding','user_0002','13:02:13','14:58:47','2023-05-17','2023-05-17 12:02:13',6994,0,'stageComplete',NULL,2,'WO33660'),(775,'job_WO33661','Welding','user_0002','15:00:21','17:02:05','2023-05-17','2023-05-17 14:00:21',7304,125,'workInProgress',NULL,2,'WO33661'),(776,'job_WO33661','Welding','user_0002','08:00:07','12:02:00','2023-05-18','2023-05-18 07:00:07',14513,0,'workInProgress',NULL,2,'WO33661'),(777,'job_WO33661','Welding','user_0002','13:00:11','13:57:52','2023-05-18','2023-05-18 12:00:11',3461,0,'stageComplete',NULL,2,'WO33661'),(778,'job_WO33662','Welding','user_0002','14:00:52','17:02:37','2023-05-18','2023-05-18 13:00:52',10905,157,'workInProgress',NULL,2,'WO33662'),(779,'job_WO33662','Welding','user_0002','08:02:31','12:02:28','2023-05-19','2023-05-19 07:02:31',14397,0,'workInProgress',NULL,2,'WO33662'),(780,'job_WO33662','Welding','user_0002','13:01:40','14:02:43','2023-05-19','2023-05-19 12:01:40',3663,0,'stageComplete',NULL,2,'WO33662'),(781,'job_WO33663','Welding','user_0002','14:03:26','16:04:09','2023-05-19','2023-05-19 13:03:26',7243,0,'stageComplete',NULL,2,'WO33663'),(782,'job_wrgr4','Welding','user_0002','16:06:17','17:00:58','2023-05-19','2023-05-19 15:06:17',3281,58,'workInProgress',NULL,2,'wrgr4'),(783,'job_WO33653','Painting','user_0003','09:35:03','12:00:51','2023-05-12','2023-05-12 08:35:03',8748,0,'workInProgress',NULL,3,'WO33653'),(784,'job_WO33653','Painting','user_0003','13:02:18','13:08:50','2023-05-12','2023-05-12 12:02:18',392,0,'stageComplete',NULL,3,'WO33653'),(785,'job_WO33655','Painting','user_0003','10:13:20','12:01:43','2023-05-15','2023-05-15 09:13:20',6503,0,'workInProgress',NULL,3,'WO33655'),(786,'job_WO33655','Painting','user_0003','13:02:11','14:45:16','2023-05-15','2023-05-15 12:02:11',6185,0,'stageComplete',NULL,3,'WO33655'),(787,'job_WO33658','Painting','user_0003','09:52:36','12:01:30','2023-05-17','2023-05-17 08:52:36',7734,0,'workInProgress',NULL,3,'WO33658'),(788,'job_WO33658','Painting','user_0003','13:01:57','16:54:11','2023-05-17','2023-05-17 12:01:57',13934,0,'stageComplete',NULL,3,'WO33658'),(789,'job_WO33659','Painting','user_0003','16:56:59','17:02:20','2023-05-17','2023-05-17 15:56:59',321,140,'workInProgress',NULL,3,'WO33659'),(790,'job_WO33659','Painting','user_0003','08:02:35','08:27:15','2023-05-18','2023-05-18 07:02:35',1480,0,'stageComplete',NULL,3,'WO33659'),(791,'job_WO33660','Painting','user_0003','08:28:53','09:46:04','2023-05-18','2023-05-18 07:28:53',4631,0,'stageComplete',NULL,3,'WO33660'),(792,'job_WO33661','Painting','user_0003','13:58:25','15:00:37','2023-05-18','2023-05-18 12:58:25',3732,0,'stageComplete',NULL,3,'WO33661'),(793,'job_WO33662','Painting','user_0003','14:05:06','14:05:58','2023-05-19','2023-05-19 13:05:06',52,0,'stageComplete',NULL,3,'WO33662'),(794,'job_WO33652','Assembly','user_0004','15:05:56','17:00:14','2023-05-11','2023-05-11 14:05:56',6858,14,'workInProgress',NULL,3,'WO33652'),(795,'job_WO33652','Assembly','user_0004','08:02:03','12:01:33','2023-05-12','2023-05-12 07:02:03',14370,0,'workInProgress',NULL,3,'WO33652'),(796,'job_WO33652','Assembly','user_0004','13:02:25','15:40:58','2023-05-12','2023-05-12 12:02:25',9513,0,'stageComplete',NULL,3,'WO33652'),(797,'job_WO33653','Assembly','user_0004','15:41:49','16:43:58','2023-05-12','2023-05-12 14:41:49',3729,0,'stageComplete',NULL,4,'WO33653'),(798,'job_WO33654','Assembly','user_0004','16:45:43','17:02:04','2023-05-12','2023-05-12 15:45:43',981,124,'workInProgress',NULL,3,'WO33654'),(799,'job_WO33654','Assembly','user_0004','08:01:31','09:01:56','2023-05-15','2023-05-15 07:01:31',3625,0,'stageComplete',NULL,3,'WO33654'),(800,'job_WO33655','Assembly','user_0004','14:46:44','16:46:44','2023-05-15','2023-05-15 13:46:44',7200,0,'stageComplete',NULL,4,'WO33655'),(801,'job_WO33656','Assembly','user_0004','08:02:17','11:34:35','2023-05-16','2023-05-16 07:02:17',12738,0,'stageComplete',NULL,3,'WO33656'),(802,'job_WO33658','Assembly','user_0004','16:56:50','17:02:36','2023-05-17','2023-05-17 15:56:50',346,156,'workInProgress',NULL,4,'WO33658'),(803,'job_WO33658','Assembly','user_0004','08:01:24','12:01:57','2023-05-18','2023-05-18 07:01:24',14433,0,'workInProgress',NULL,4,'WO33658'),(804,'job_WO33658','Assembly','user_0004','13:02:33','17:00:07','2023-05-18','2023-05-18 12:02:33',14254,7,'workInProgress',NULL,4,'WO33658'),(805,'job_WO33658','Assembly','user_0004','08:00:58','10:59:47','2023-05-19','2023-05-19 07:00:58',10729,0,'stageComplete',NULL,4,'WO33658'),(806,'job_WO33659','Assembly','user_0004','11:00:32','12:02:20','2023-05-19','2023-05-19 10:00:32',3708,0,'workInProgress',NULL,4,'WO33659'),(807,'job_WO33659','Assembly','user_0004','13:02:29','17:00:46','2023-05-19','2023-05-19 12:02:29',14297,46,'workInProgress',NULL,4,'WO33659'),(808,'job_WO33652','QC','user_0005','15:41:21','17:02:21','2023-05-12','2023-05-12 14:41:21',4860,141,'workInProgress',NULL,4,'WO33652'),(809,'job_WO33652','QC','user_0005','08:01:05','10:55:13','2023-05-15','2023-05-15 07:01:05',10448,0,'stageComplete',NULL,4,'WO33652'),(810,'job_WO33653','QC','user_0005','10:58:05','11:28:23','2023-05-15','2023-05-15 09:58:05',1818,0,'stageComplete',NULL,5,'WO33653'),(811,'job_WO33654','QC','user_0005','11:28:44','11:43:48','2023-05-15','2023-05-15 10:28:44',904,0,'stageComplete',NULL,4,'WO33654'),(812,'job_WO33655','QC','user_0005','16:48:39','17:00:03','2023-05-15','2023-05-15 15:48:39',684,3,'workInProgress',NULL,5,'WO33655'),(813,'job_WO33655','QC','user_0005','08:01:11','08:50:50','2023-05-16','2023-05-16 07:01:11',2979,0,'stageComplete',NULL,5,'WO33655'),(814,'job_WO33656','QC','user_0005','13:01:08','15:16:36','2023-05-16','2023-05-16 12:01:08',8128,0,'stageComplete',NULL,4,'WO33656'),(815,'job_WO33657','QC','user_0005','08:02:39','11:03:26','2023-05-17','2023-05-17 07:02:39',10847,0,'stageComplete',NULL,3,'WO33657'),(816,'job_WO33658','QC','user_0005','11:01:15','12:01:14','2023-05-19','2023-05-19 10:01:15',3599,0,'workInProgress',NULL,5,'WO33658'),(817,'job_WO33658','QC','user_0005','13:00:17','14:01:00','2023-05-19','2023-05-19 12:00:17',3643,0,'stageComplete',NULL,5,'WO33658'),(818,'job_WO33652','Shipping','user_0006','10:55:53','12:01:05','2023-05-15','2023-05-15 09:55:53',3912,0,'workInProgress',NULL,5,'WO33652'),(819,'job_WO33652','Shipping','user_0006','13:02:15','17:00:43','2023-05-15','2023-05-15 12:02:15',14308,43,'workInProgress',NULL,5,'WO33652'),(820,'job_WO33652','Shipping','user_0006','08:02:48','12:01:09','2023-05-16','2023-05-16 07:02:48',14301,0,'workInProgress',NULL,5,'WO33652'),(821,'job_WO33652','Shipping','user_0006','13:02:45','17:01:15','2023-05-16','2023-05-16 12:02:45',14310,75,'workInProgress',NULL,5,'WO33652'),(822,'job_WO33652','Shipping','user_0006','08:01:56','10:04:24','2023-05-17','2023-05-17 07:01:56',7348,0,'stageComplete',NULL,5,'WO33652'),(823,'job_WO33653','Shipping','user_0006','10:05:46','12:02:07','2023-05-17','2023-05-17 09:05:46',6981,0,'workInProgress',NULL,6,'WO33653'),(824,'job_WO33653','Shipping','user_0006','13:02:01','13:21:09','2023-05-17','2023-05-17 12:02:01',1148,0,'stageComplete',NULL,6,'WO33653'),(825,'job_WO33654','Shipping','user_0006','13:21:15','15:52:34','2023-05-17','2023-05-17 12:21:15',9079,0,'stageComplete',NULL,5,'WO33654'),(826,'job_WO33655','Shipping','user_0006','15:54:12','17:01:27','2023-05-17','2023-05-17 14:54:12',4035,87,'workInProgress',NULL,6,'WO33655'),(827,'job_WO33655','Shipping','user_0006','08:01:47','09:40:20','2023-05-18','2023-05-18 07:01:47',5913,0,'stageComplete',NULL,6,'WO33655'),(828,'job_WO33656','Shipping','user_0006','09:41:26','10:41:53','2023-05-18','2023-05-18 08:41:26',3627,0,'stageComplete',NULL,5,'WO33656'),(829,'job_WO33657','Shipping','user_0006','10:42:57','12:02:10','2023-05-18','2023-05-18 09:42:57',4753,0,'workInProgress',NULL,4,'WO33657'),(830,'job_WO33657','Shipping','user_0006','13:00:53','14:44:15','2023-05-18','2023-05-18 12:00:53',6202,0,'stageComplete',NULL,4,'WO33657'),(831,'job_WO33658','Shipping','user_0006','14:02:50','17:00:05','2023-05-19','2023-05-19 13:02:50',10635,5,'workInProgress',NULL,6,'WO33658');
/*!40000 ALTER TABLE `timeLog` ENABLE KEYS */;
UNLOCK TABLES;

--
-- Table structure for table `users`
--

DROP TABLE IF EXISTS `users`;
/*!40101 SET @saved_cs_client     = @@character_set_client */;
/*!50503 SET character_set_client = utf8mb4 */;
CREATE TABLE `users` (
  `userId` varchar(20) DEFAULT NULL,
  `userName` varchar(50) DEFAULT NULL,
  `relativePathToQrCode` varchar(200) DEFAULT NULL,
  `absolutePathToQrCode` varchar(200) DEFAULT NULL,
  `recordAdded` timestamp NOT NULL DEFAULT CURRENT_TIMESTAMP ON UPDATE CURRENT_TIMESTAMP,
  `userIdIndex` int DEFAULT '0'
) ENGINE=InnoDB DEFAULT CHARSET=latin1;
/*!40101 SET character_set_client = @saved_cs_client */;

--
-- Dumping data for table `users`
--

LOCK TABLES `users` WRITE;
/*!40000 ALTER TABLE `users` DISABLE KEYS */;
INSERT INTO `users` VALUES ('user_Delt','User Deleted',NULL,NULL,'2021-04-15 16:59:34',-2),('office','Office',NULL,NULL,'2021-04-15 16:59:34',-1),('noName','N/A',NULL,NULL,'2021-04-15 16:59:34',0),('user_0001','Alice',NULL,NULL,'2023-05-22 11:10:51',1),('user_0002','Bob',NULL,NULL,'2023-05-22 11:10:52',2),('user_0003','Charlotte',NULL,NULL,'2023-05-22 11:10:53',3),('user_0004','David',NULL,NULL,'2023-05-22 11:10:54',4),('user_0005','Emily',NULL,NULL,'2023-05-22 11:10:55',5),('user_0006','Felix',NULL,NULL,'2023-05-22 11:10:57',6);
/*!40000 ALTER TABLE `users` ENABLE KEYS */;
UNLOCK TABLES;

--
-- Table structure for table `workHours`
--

DROP TABLE IF EXISTS `workHours`;
/*!40101 SET @saved_cs_client     = @@character_set_client */;
/*!50503 SET character_set_client = utf8mb4 */;
CREATE TABLE `workHours` (
  `ref` int NOT NULL AUTO_INCREMENT,
  `dayDate` date DEFAULT NULL,
  `startTime` time DEFAULT NULL,
  `endTime` time DEFAULT NULL,
  PRIMARY KEY (`ref`)
) ENGINE=InnoDB AUTO_INCREMENT=8 DEFAULT CHARSET=latin1;
/*!40101 SET character_set_client = @saved_cs_client */;

--
-- Dumping data for table `workHours`
--

LOCK TABLES `workHours` WRITE;
/*!40000 ALTER TABLE `workHours` DISABLE KEYS */;
INSERT INTO `workHours` VALUES (1,'2021-03-17','08:00:00','17:00:00'),(2,'2021-03-18','08:00:00','17:00:00'),(3,'2021-03-19','08:00:00','17:00:00'),(4,'2021-03-20','00:00:00','00:00:00'),(5,'2021-03-21','00:00:00','00:00:00'),(6,'2021-03-22','08:00:00','17:00:00'),(7,'2021-03-23','08:00:00','17:00:00');
/*!40000 ALTER TABLE `workHours` ENABLE KEYS */;
UNLOCK TABLES;
/*!40103 SET TIME_ZONE=@OLD_TIME_ZONE */;

/*!40101 SET SQL_MODE=@OLD_SQL_MODE */;
/*!40014 SET FOREIGN_KEY_CHECKS=@OLD_FOREIGN_KEY_CHECKS */;
/*!40014 SET UNIQUE_CHECKS=@OLD_UNIQUE_CHECKS */;
/*!40101 SET CHARACTER_SET_CLIENT=@OLD_CHARACTER_SET_CLIENT */;
/*!40101 SET CHARACTER_SET_RESULTS=@OLD_CHARACTER_SET_RESULTS */;
/*!40101 SET COLLATION_CONNECTION=@OLD_COLLATION_CONNECTION */;
/*!40111 SET SQL_NOTES=@OLD_SQL_NOTES */;

-- Dump completed on 2023-05-26 12:24:48
